[     541ms] [ERROR] Failed to load resource: the server responded with a status of 404 () @ https://edgecheck-backend.vercel.app/dashboard:0
[ 1162191ms] [ERROR] Failed to load resource: the server responded with a status of 404 () @ https://edgecheck-backend.vercel.app/dashboard:0
[ 1163227ms] [ERROR] Failed to load resource: the server responded with a status of 404 () @ https://edgecheck.vercel.app/:0
[ 1163486ms] [ERROR] Failed to load resource: the server responded with a status of 404 () @ https://edgecheck.vercel.app/dashboard:0
[ 1167078ms] [ERROR] Failed to load resource: the server responded with a status of 404 (Not Found) @ http://localhost:3000/_next/static/chunks/app/(auth)/sign-in/%5B%5B...sign-in%5D%5D/page.js:0
[ 1167396ms] [INFO] %cDownload the React DevTools for a better development experience: https://reactjs.org/link/react-devtools font-weight:bold @ webpack-internal:///(app-pages-browser)/./node_modules/next/dist/compiled/react-dom/cjs/react-dom.development.js:38559
[ 1172187ms] [INFO] %cDownload the React DevTools for a better development experience: https://reactjs.org/link/react-devtools font-weight:bold @ webpack-internal:///(app-pages-browser)/./node_modules/next/dist/compiled/react-dom/cjs/react-dom.development.js:38559
[ 1172247ms] [WARNING] Clerk: Clerk has been loaded with development keys. Development instances have strict usage limits and should not be used when deploying your application to production. Learn more: https://clerk.com/docs/deployments/overview @ https://deep-boar-33.clerk.accounts.dev/npm/@clerk/clerk-js@5/dist/clerk.browser.js:18
[ 1172248ms] [WARNING] Clerk: The prop "afterSignInUrl" is deprecated and should be replaced with the new "fallbackRedirectUrl" or "forceRedirectUrl" props instead. Learn more: https://clerk.com/docs/guides/custom-redirects#redirect-url-props @ https://deep-boar-33.clerk.accounts.dev/npm/@clerk/clerk-js@5/dist/clerk.browser.js:18
[ 1179153ms] [INFO] %cDownload the React DevTools for a better development experience: https://reactjs.org/link/react-devtools font-weight:bold @ webpack-internal:///(app-pages-browser)/./node_modules/next/dist/compiled/react-dom/cjs/react-dom.development.js:38559
[ 1179208ms] [WARNING] Clerk: Clerk has been loaded with development keys. Development instances have strict usage limits and should not be used when deploying your application to production. Learn more: https://clerk.com/docs/deployments/overview @ https://deep-boar-33.clerk.accounts.dev/npm/@clerk/clerk-js@5/dist/clerk.browser.js:18
[ 1179209ms] [WARNING] Clerk: The prop "afterSignInUrl" is deprecated and should be replaced with the new "fallbackRedirectUrl" or "forceRedirectUrl" props instead. Learn more: https://clerk.com/docs/guides/custom-redirects#redirect-url-props @ https://deep-boar-33.clerk.accounts.dev/npm/@clerk/clerk-js@5/dist/clerk.browser.js:18
[ 1302650ms] [ERROR] Failed to load resource: the server responded with a status of 404 (Not Found) @ http://localhost:3004/favicon.ico:0
[ 1303820ms] [ERROR] Failed to load resource: the server responded with a status of 500 (Internal Server Error) @ http://localhost:3004/sign-up:0
[ 1303881ms] [ERROR] Error: useSession can only be used within the <ClerkProvider /> component. Learn more: https://clerk.com/docs/components/clerk-provider
    at eZ (http://localhost:3004/_next/static/chunks/770-14eef9b6ffaf2842.js:1:67435)
    at e6 (http://localhost:3004/_next/static/chunks/770-14eef9b6ffaf2842.js:1:73818)
    at s (http://localhost:3004/_next/static/chunks/645-a488e1e3f1e11578.js:1:7217)
    at d (http://localhost:3004/_next/static/chunks/645-a488e1e3f1e11578.js:9:756)
    at h (http://localhost:3004/_next/static/chunks/645-a488e1e3f1e11578.js:9:1076)
    at rE (http://localhost:3004/_next/static/chunks/fd9d1056-2084b62c680baf80.js:1:40341)
    at l$ (http://localhost:3004/_next/static/chunks/fd9d1056-2084b62c680baf80.js:1:59316)
    at iZ (http://localhost:3004/_next/static/chunks/fd9d1056-2084b62c680baf80.js:1:117679)
    at ia (http://localhost:3004/_next/static/chunks/fd9d1056-2084b62c680baf80.js:1:95162)
    at http://localhost:3004/_next/static/chunks/fd9d1056-2084b62c680baf80.js:1:94984 @ http://localhost:3004/_next/static/chunks/117-a45d7ec72ba41ba6.js:0
[ 1312773ms] [ERROR] Failed to load resource: the server responded with a status of 500 (Internal Server Error) @ http://localhost:3006/:0
[ 1313085ms] [INFO] %cDownload the React DevTools for a better development experience: https://reactjs.org/link/react-devtools font-weight:bold @ webpack-internal:///./node_modules/react-dom/cjs/react-dom.development.js:29889
[ 1313125ms] Error: Cannot find module './510.js'
Require stack:
- C:\Users\staleyjk\edgecheck-backend\.next\server\webpack-runtime.js
- C:\Users\staleyjk\edgecheck-backend\.next\server\app\page.js
- C:\Users\staleyjk\edgecheck-backend\node_modules\next\dist\server\require.js
- C:\Users\staleyjk\edgecheck-backend\node_modules\next\dist\server\load-components.js
- C:\Users\staleyjk\edgecheck-backend\node_modules\next\dist\build\utils.js
- C:\Users\staleyjk\edgecheck-backend\node_modules\next\dist\server\dev\hot-middleware.js
- C:\Users\staleyjk\edgecheck-backend\node_modules\next\dist\server\dev\hot-reloader-webpack.js
- C:\Users\staleyjk\edgecheck-backend\node_modules\next\dist\server\lib\router-utils\setup-dev-bundler.js
- C:\Users\staleyjk\edgecheck-backend\node_modules\next\dist\server\lib\router-server.js
- C:\Users\staleyjk\edgecheck-backend\node_modules\next\dist\server\lib\start-server.js
    at Module.<anonymous> (node:internal/modules/cjs/loader:1456:15)
    at <unknown> (file://C:\Users\staleyjk\edgecheck-backend\node_modules\next\dist\server\require-hook.js:55:36)
    at defaultResolveImpl (node:internal/modules/cjs/loader:1066:19)
    at resolveForCJSWithHooks (node:internal/modules/cjs/loader:1071:22)
    at Module._load (node:internal/modules/cjs/loader:1242:25)
    at wrapModuleLoad (node:internal/modules/cjs/loader:255:19)
    at Module.<anonymous> (node:internal/modules/cjs/loader:1556:12)
    at mod.require (file://C:\Users\staleyjk\edgecheck-backend\node_modules\next\dist\server\require-hook.js:65:28)
    at require (node:internal/modules/helpers:152:16)
    at __webpack_require__.f.require (file://C:\Users\staleyjk\edgecheck-backend\.next\server\webpack-runtime.js:203:28)
    at <unknown> (file://C:\Users\staleyjk\edgecheck-backend\.next\server\webpack-runtime.js:116:40)
    at Array.reduce (<anonymous>)
    at __webpack_require__.e (file://C:\Users\staleyjk\edgecheck-backend\.next\server\webpack-runtime.js:115:67)
    at Array.map (<anonymous>)
    at __webpack_require__.X (file://C:\Users\staleyjk\edgecheck-backend\.next\server\webpack-runtime.js:167:22)
    at <unknown> (file://C:\Users\staleyjk\edgecheck-backend\.next\server\app\page.js:1:5104)
    at Object.<anonymous> (file://C:\Users\staleyjk\edgecheck-backend\.next\server\app\page.js:1:5153)
    at Module._compile (node:internal/modules/cjs/loader:1812:14)
    at Object..js (node:internal/modules/cjs/loader:1943:10)
    at Module.load (node:internal/modules/cjs/loader:1533:32)
    at Module._load (node:internal/modules/cjs/loader:1335:12)
    at wrapModuleLoad (node:internal/modules/cjs/loader:255:19)
    at Module.<anonymous> (node:internal/modules/cjs/loader:1556:12)
    at mod.require (file://C:\Users\staleyjk\edgecheck-backend\node_modules\next\dist\server\require-hook.js:65:28)
    at require (node:internal/modules/helpers:152:16)
    at requirePage (file://C:\Users\staleyjk\edgecheck-backend\node_modules\next\dist\server\require.js:109:84)
    at <unknown> (file://C:\Users\staleyjk\edgecheck-backend\node_modules\next\dist\server\load-components.js:103:84)
    at async loadComponentsImpl (file://C:\Users\staleyjk\edgecheck-backend\node_modules\next\dist\server\load-components.js:103:26)
    at async DevServer.findPageComponentsImpl (file://C:\Users\staleyjk\edgecheck-backend\node_modules\next\dist\server\next-server.js:714:36)
    at async DevServer.findPageComponents (file://C:\Users\staleyjk\edgecheck-backend\node_modules\next\dist\server\dev\next-dev-server.js:577:20)
    at async DevServer.renderPageComponent (file://C:\Users\staleyjk\edgecheck-backend\node_modules\next\dist\server\base-server.js:1910:24)
    at async DevServer.renderToResponseImpl (file://C:\Users\staleyjk\edgecheck-backend\node_modules\next\dist\server\base-server.js:1962:32)
    at async DevServer.pipeImpl (file://C:\Users\staleyjk\edgecheck-backend\node_modules\next\dist\server\base-server.js:922:25)
    at async NextNodeServer.handleCatchallRenderRequest (file://C:\Users\staleyjk\edgecheck-backend\node_modules\next\dist\server\next-server.js:272:17)
    at async DevServer.handleRequestImpl (file://C:\Users\staleyjk\edgecheck-backend\node_modules\next\dist\server\base-server.js:818:17)
    at async (file://C:\Users\staleyjk\edgecheck-backend\node_modules\next\dist\server\dev\next-dev-server.js:339:20)
    at async Span.traceAsyncFn (file://C:\Users\staleyjk\edgecheck-backend\node_modules\next\dist\trace\trace.js:154:20)
    at async DevServer.handleRequest (file://C:\Users\staleyjk\edgecheck-backend\node_modules\next\dist\server\dev\next-dev-server.js:336:24)
    at async invokeRender (file://C:\Users\staleyjk\edgecheck-backend\node_modules\next\dist\server\lib\router-server.js:179:21)
    at async handleRequest (file://C:\Users\staleyjk\edgecheck-backend\node_modules\next\dist\server\lib\router-server.js:359:24)
    at async requestHandlerImpl (file://C:\Users\staleyjk\edgecheck-backend\node_modules\next\dist\server\lib\router-server.js:383:13)
    at async Server.requestListener (file://C:\Users\staleyjk\edgecheck-backend\node_modules\next\dist\server\lib\start-server.js:141:13)
[ 1313123ms] [LOG] [HMR] connected @ webpack-internal:///./node_modules/next/dist/client/components/react-dev-overlay/pages/websocket.js:38
[ 1313129ms] [ERROR] Failed to load resource: the server responded with a status of 404 (Not Found) @ http://localhost:3006/favicon.ico:0
[ 1318186ms] [ERROR] Failed to load resource: the server responded with a status of 404 (Not Found) @ http://localhost:3005/_next/static/css/app/page.css?v=1775431068767:0
[ 1318216ms] [ERROR] Failed to load resource: the server responded with a status of 404 (Not Found) @ http://localhost:3005/_next/static/chunks/main-app.js?v=1775431068767:0
[ 1318216ms] [ERROR] Failed to load resource: the server responded with a status of 404 (Not Found) @ http://localhost:3005/_next/static/chunks/app-pages-internals.js:0
[ 1318227ms] [ERROR] Failed to load resource: the server responded with a status of 404 (Not Found) @ http://localhost:3005/favicon.ico:0
[ 1323992ms] [ERROR] Failed to load resource: the server responded with a status of 500 (Internal Server Error) @ http://localhost:3005/sign-in:0
[ 1324301ms] [INFO] %cDownload the React DevTools for a better development experience: https://reactjs.org/link/react-devtools font-weight:bold @ webpack-internal:///./node_modules/react-dom/cjs/react-dom.development.js:29889
[ 1324327ms] Error: Cannot find module './vendor-chunks/crypto-js.js'
Require stack:
- C:\Users\staleyjk\edgecheck-backend\.next\server\webpack-runtime.js
- C:\Users\staleyjk\edgecheck-backend\.next\server\app\sign-in\[[...sign-in]]\page.js
- C:\Users\staleyjk\edgecheck-backend\node_modules\next\dist\server\require.js
- C:\Users\staleyjk\edgecheck-backend\node_modules\next\dist\server\load-components.js
- C:\Users\staleyjk\edgecheck-backend\node_modules\next\dist\build\utils.js
- C:\Users\staleyjk\edgecheck-backend\node_modules\next\dist\server\dev\static-paths-worker.js
- C:\Users\staleyjk\edgecheck-backend\node_modules\next\dist\compiled\jest-worker\processChild.js
    at Module.<anonymous> (node:internal/modules/cjs/loader:1456:15)
    at <unknown> (file://C:\Users\staleyjk\edgecheck-backend\node_modules\next\dist\server\require-hook.js:55:36)
    at defaultResolveImpl (node:internal/modules/cjs/loader:1066:19)
    at resolveForCJSWithHooks (node:internal/modules/cjs/loader:1071:22)
    at Module._load (node:internal/modules/cjs/loader:1242:25)
    at wrapModuleLoad (node:internal/modules/cjs/loader:255:19)
    at Module.<anonymous> (node:internal/modules/cjs/loader:1556:12)
    at mod.require (file://C:\Users\staleyjk\edgecheck-backend\node_modules\next\dist\server\require-hook.js:65:28)
    at require (node:internal/modules/helpers:152:16)
    at __webpack_require__.f.require (file://C:\Users\staleyjk\edgecheck-backend\.next\server\webpack-runtime.js:203:28)
[ 1324330ms] [LOG] [HMR] connected @ webpack-internal:///./node_modules/next/dist/client/components/react-dev-overlay/pages/websocket.js:38
[ 1337993ms] [INFO] %cDownload the React DevTools for a better development experience: https://reactjs.org/link/react-devtools font-weight:bold @ webpack-internal:///(app-pages-browser)/./node_modules/next/dist/compiled/react-dom/cjs/react-dom.development.js:38559
[ 1338067ms] [ERROR] Failed to load resource: the server responded with a status of 404 (Not Found) @ http://localhost:3007/favicon.ico:0
[ 1340742ms] [LOG] [Fast Refresh] rebuilding @ webpack-internal:///(app-pages-browser)/./node_modules/next/dist/client/components/react-dev-overlay/app/hot-reloader-client.js:186
[ 1341062ms] [LOG] [Fast Refresh] done in 321ms @ webpack-internal:///(app-pages-browser)/./node_modules/next/dist/client/components/react-dev-overlay/app/hot-reloader-client.js:43
[ 1341464ms] [ERROR] Failed to load resource: the server responded with a status of 500 (Internal Server Error) @ http://localhost:3007/sign-up:0
[ 1341791ms] [INFO] %cDownload the React DevTools for a better development experience: https://reactjs.org/link/react-devtools font-weight:bold @ webpack-internal:///(app-pages-browser)/./node_modules/next/dist/compiled/react-dom/cjs/react-dom.development.js:38559
[ 1341870ms] Error: useSession can only be used within the <ClerkProvider /> component. Learn more: https://clerk.com/docs/components/clerk-provider
    at useAssertWrappedByClerkProvider (webpack-internal:///(app-pages-browser)/./node_modules/@clerk/shared/dist/react/index.mjs:112:11)
    at useSession (webpack-internal:///(app-pages-browser)/./node_modules/@clerk/shared/dist/react/index.mjs:592:3)
    at useEnforceCatchAllRoute (webpack-internal:///(app-pages-browser)/./node_modules/@clerk/nextjs/dist/esm/client-boundary/hooks/useEnforceCatchAllRoute.js:17:83)
    at useEnforceCorrectRoutingProps (webpack-internal:///(app-pages-browser)/./node_modules/@clerk/nextjs/dist/esm/client-boundary/hooks/useEnforceRoutingProps.js:14:84)
    at SignUp (webpack-internal:///(app-pages-browser)/./node_modules/@clerk/nextjs/dist/esm/client-boundary/uiComponents.js:87:104)
    at renderWithHooks (webpack-internal:///(app-pages-browser)/./node_modules/next/dist/compiled/react-dom/cjs/react-dom.development.js:11121:18)
    at updateFunctionComponent (webpack-internal:///(app-pages-browser)/./node_modules/next/dist/compiled/react-dom/cjs/react-dom.development.js:16290:20)
    at mountLazyComponent (webpack-internal:///(app-pages-browser)/./node_modules/next/dist/compiled/react-dom/cjs/react-dom.development.js:16765:17)
    at beginWork$1 (webpack-internal:///(app-pages-browser)/./node_modules/next/dist/compiled/react-dom/cjs/react-dom.development.js:18464:16)
    at HTMLUnknownElement.callCallback (webpack-internal:///(app-pages-browser)/./node_modules/next/dist/compiled/react-dom/cjs/react-dom.development.js:20565:14)
    at Object.invokeGuardedCallbackImpl (webpack-internal:///(app-pages-browser)/./node_modules/next/dist/compiled/react-dom/cjs/react-dom.development.js:20614:16)
    at invokeGuardedCallback (webpack-internal:///(app-pages-browser)/./node_modules/next/dist/compiled/react-dom/cjs/react-dom.development.js:20689:29)
    at beginWork (webpack-internal:///(app-pages-browser)/./node_modules/next/dist/compiled/react-dom/cjs/react-dom.development.js:26949:7)
    at performUnitOfWork (webpack-internal:///(app-pages-browser)/./node_modules/next/dist/compiled/react-dom/cjs/react-dom.development.js:25748:12)
    at workLoopSync (webpack-internal:///(app-pages-browser)/./node_modules/next/dist/compiled/react-dom/cjs/react-dom.development.js:25464:5)
    at renderRootSync (webpack-internal:///(app-pages-browser)/./node_modules/next/dist/compiled/react-dom/cjs/react-dom.development.js:25419:7)
    at performConcurrentWorkOnRoot (webpack-internal:///(app-pages-browser)/./node_modules/next/dist/compiled/react-dom/cjs/react-dom.development.js:24504:74)
    at workLoop (webpack-internal:///(app-pages-browser)/./node_modules/next/dist/compiled/scheduler/cjs/scheduler.development.js:256:34)
    at flushWork (webpack-internal:///(app-pages-browser)/./node_modules/next/dist/compiled/scheduler/cjs/scheduler.development.js:225:14)
    at MessagePort.performWorkUntilDeadline (webpack-internal:///(app-pages-browser)/./node_modules/next/dist/compiled/scheduler/cjs/scheduler.development.js:534:21)
[ 1341871ms] Error: useSession can only be used within the <ClerkProvider /> component. Learn more: https://clerk.com/docs/components/clerk-provider
    at useAssertWrappedByClerkProvider (webpack-internal:///(app-pages-browser)/./node_modules/@clerk/shared/dist/react/index.mjs:112:11)
    at useSession (webpack-internal:///(app-pages-browser)/./node_modules/@clerk/shared/dist/react/index.mjs:592:3)
    at useEnforceCatchAllRoute (webpack-internal:///(app-pages-browser)/./node_modules/@clerk/nextjs/dist/esm/client-boundary/hooks/useEnforceCatchAllRoute.js:17:83)
    at useEnforceCorrectRoutingProps (webpack-internal:///(app-pages-browser)/./node_modules/@clerk/nextjs/dist/esm/client-boundary/hooks/useEnforceRoutingProps.js:14:84)
    at SignUp (webpack-internal:///(app-pages-browser)/./node_modules/@clerk/nextjs/dist/esm/client-boundary/uiComponents.js:87:104)
    at renderWithHooks (webpack-internal:///(app-pages-browser)/./node_modules/next/dist/compiled/react-dom/cjs/react-dom.development.js:11121:18)
    at updateFunctionComponent (webpack-internal:///(app-pages-browser)/./node_modules/next/dist/compiled/react-dom/cjs/react-dom.development.js:16290:20)
    at mountLazyComponent (webpack-internal:///(app-pages-browser)/./node_modules/next/dist/compiled/react-dom/cjs/react-dom.development.js:16765:17)
    at beginWork$1 (webpack-internal:///(app-pages-browser)/./node_modules/next/dist/compiled/react-dom/cjs/react-dom.development.js:18464:16)
    at beginWork (webpack-internal:///(app-pages-browser)/./node_modules/next/dist/compiled/react-dom/cjs/react-dom.development.js:26927:14)
    at performUnitOfWork (webpack-internal:///(app-pages-browser)/./node_modules/next/dist/compiled/react-dom/cjs/react-dom.development.js:25748:12)
    at workLoopSync (webpack-internal:///(app-pages-browser)/./node_modules/next/dist/compiled/react-dom/cjs/react-dom.development.js:25464:5)
    at renderRootSync (webpack-internal:///(app-pages-browser)/./node_modules/next/dist/compiled/react-dom/cjs/react-dom.development.js:25419:7)
    at performConcurrentWorkOnRoot (webpack-internal:///(app-pages-browser)/./node_modules/next/dist/compiled/react-dom/cjs/react-dom.development.js:24504:74)
    at workLoop (webpack-internal:///(app-pages-browser)/./node_modules/next/dist/compiled/scheduler/cjs/scheduler.development.js:256:34)
    at flushWork (webpack-internal:///(app-pages-browser)/./node_modules/next/dist/compiled/scheduler/cjs/scheduler.development.js:225:14)
    at MessagePort.performWorkUntilDeadline (webpack-internal:///(app-pages-browser)/./node_modules/next/dist/compiled/scheduler/cjs/scheduler.development.js:534:21)
[ 1341872ms] Error: useSession can only be used within the <ClerkProvider /> component. Learn more: https://clerk.com/docs/components/clerk-provider
    at useAssertWrappedByClerkProvider (webpack-internal:///(app-pages-browser)/./node_modules/@clerk/shared/dist/react/index.mjs:112:11)
    at useSession (webpack-internal:///(app-pages-browser)/./node_modules/@clerk/shared/dist/react/index.mjs:592:3)
    at useEnforceCatchAllRoute (webpack-internal:///(app-pages-browser)/./node_modules/@clerk/nextjs/dist/esm/client-boundary/hooks/useEnforceCatchAllRoute.js:17:83)
    at useEnforceCorrectRoutingProps (webpack-internal:///(app-pages-browser)/./node_modules/@clerk/nextjs/dist/esm/client-boundary/hooks/useEnforceRoutingProps.js:14:84)
    at SignUp (webpack-internal:///(app-pages-browser)/./node_modules/@clerk/nextjs/dist/esm/client-boundary/uiComponents.js:87:104)
    at renderWithHooks (webpack-internal:///(app-pages-browser)/./node_modules/next/dist/compiled/react-dom/cjs/react-dom.development.js:11121:18)
    at updateFunctionComponent (webpack-internal:///(app-pages-browser)/./node_modules/next/dist/compiled/react-dom/cjs/react-dom.development.js:16290:20)
    at mountLazyComponent (webpack-internal:///(app-pages-browser)/./node_modules/next/dist/compiled/react-dom/cjs/react-dom.development.js:16765:17)
    at beginWork$1 (webpack-internal:///(app-pages-browser)/./node_modules/next/dist/compiled/react-dom/cjs/react-dom.development.js:18464:16)
    at beginWork (webpack-internal:///(app-pages-browser)/./node_modules/next/dist/compiled/react-dom/cjs/react-dom.development.js:26927:14)
    at performUnitOfWork (webpack-internal:///(app-pages-browser)/./node_modules/next/dist/compiled/react-dom/cjs/react-dom.development.js:25748:12)
    at workLoopSync (webpack-internal:///(app-pages-browser)/./node_modules/next/dist/compiled/react-dom/cjs/react-dom.development.js:25464:5)
    at renderRootSync (webpack-internal:///(app-pages-browser)/./node_modules/next/dist/compiled/react-dom/cjs/react-dom.development.js:25419:7)
    at performConcurrentWorkOnRoot (webpack-internal:///(app-pages-browser)/./node_modules/next/dist/compiled/react-dom/cjs/react-dom.development.js:24504:74)
    at workLoop (webpack-internal:///(app-pages-browser)/./node_modules/next/dist/compiled/scheduler/cjs/scheduler.development.js:256:34)
    at flushWork (webpack-internal:///(app-pages-browser)/./node_modules/next/dist/compiled/scheduler/cjs/scheduler.development.js:225:14)
    at MessagePort.performWorkUntilDeadline (webpack-internal:///(app-pages-browser)/./node_modules/next/dist/compiled/scheduler/cjs/scheduler.development.js:534:21)
[ 1341875ms] Error: useSession can only be used within the <ClerkProvider /> component. Learn more: https://clerk.com/docs/components/clerk-provider
    at useAssertWrappedByClerkProvider (webpack-internal:///(app-pages-browser)/./node_modules/@clerk/shared/dist/react/index.mjs:112:11)
    at useSession (webpack-internal:///(app-pages-browser)/./node_modules/@clerk/shared/dist/react/index.mjs:592:3)
    at useEnforceCatchAllRoute (webpack-internal:///(app-pages-browser)/./node_modules/@clerk/nextjs/dist/esm/client-boundary/hooks/useEnforceCatchAllRoute.js:17:83)
    at useEnforceCorrectRoutingProps (webpack-internal:///(app-pages-browser)/./node_modules/@clerk/nextjs/dist/esm/client-boundary/hooks/useEnforceRoutingProps.js:14:84)
    at SignUp (webpack-internal:///(app-pages-browser)/./node_modules/@clerk/nextjs/dist/esm/client-boundary/uiComponents.js:87:104)
    at renderWithHooks (webpack-internal:///(app-pages-browser)/./node_modules/next/dist/compiled/react-dom/cjs/react-dom.development.js:11121:18)
    at updateFunctionComponent (webpack-internal:///(app-pages-browser)/./node_modules/next/dist/compiled/react-dom/cjs/react-dom.development.js:16290:20)
    at mountLazyComponent (webpack-internal:///(app-pages-browser)/./node_modules/next/dist/compiled/react-dom/cjs/react-dom.development.js:16765:17)
    at beginWork$1 (webpack-internal:///(app-pages-browser)/./node_modules/next/dist/compiled/react-dom/cjs/react-dom.development.js:18464:16)
    at beginWork (webpack-internal:///(app-pages-browser)/./node_modules/next/dist/compiled/react-dom/cjs/react-dom.development.js:26927:14)
    at performUnitOfWork (webpack-internal:///(app-pages-browser)/./node_modules/next/dist/compiled/react-dom/cjs/react-dom.development.js:25748:12)
    at workLoopSync (webpack-internal:///(app-pages-browser)/./node_modules/next/dist/compiled/react-dom/cjs/react-dom.development.js:25464:5)
    at renderRootSync (webpack-internal:///(app-pages-browser)/./node_modules/next/dist/compiled/react-dom/cjs/react-dom.development.js:25419:7)
    at performConcurrentWorkOnRoot (webpack-internal:///(app-pages-browser)/./node_modules/next/dist/compiled/react-dom/cjs/react-dom.development.js:24504:74)
    at workLoop (webpack-internal:///(app-pages-browser)/./node_modules/next/dist/compiled/scheduler/cjs/scheduler.development.js:256:34)
    at flushWork (webpack-internal:///(app-pages-browser)/./node_modules/next/dist/compiled/scheduler/cjs/scheduler.development.js:225:14)
    at MessagePort.performWorkUntilDeadline (webpack-internal:///(app-pages-browser)/./node_modules/next/dist/compiled/scheduler/cjs/scheduler.development.js:534:21)
[ 1341877ms] Error: useSession can only be used within the <ClerkProvider /> component. Learn more: https://clerk.com/docs/components/clerk-provider
    at useAssertWrappedByClerkProvider (webpack-internal:///(app-pages-browser)/./node_modules/@clerk/shared/dist/react/index.mjs:112:11)
    at useSession (webpack-internal:///(app-pages-browser)/./node_modules/@clerk/shared/dist/react/index.mjs:592:3)
    at useEnforceCatchAllRoute (webpack-internal:///(app-pages-browser)/./node_modules/@clerk/nextjs/dist/esm/client-boundary/hooks/useEnforceCatchAllRoute.js:17:83)
    at useEnforceCorrectRoutingProps (webpack-internal:///(app-pages-browser)/./node_modules/@clerk/nextjs/dist/esm/client-boundary/hooks/useEnforceRoutingProps.js:14:84)
    at SignUp (webpack-internal:///(app-pages-browser)/./node_modules/@clerk/nextjs/dist/esm/client-boundary/uiComponents.js:87:104)
    at renderWithHooks (webpack-internal:///(app-pages-browser)/./node_modules/next/dist/compiled/react-dom/cjs/react-dom.development.js:11121:18)
    at updateFunctionComponent (webpack-internal:///(app-pages-browser)/./node_modules/next/dist/compiled/react-dom/cjs/react-dom.development.js:16290:20)
    at mountLazyComponent (webpack-internal:///(app-pages-browser)/./node_modules/next/dist/compiled/react-dom/cjs/react-dom.development.js:16765:17)
    at beginWork$1 (webpack-internal:///(app-pages-browser)/./node_modules/next/dist/compiled/react-dom/cjs/react-dom.development.js:18464:16)
    at beginWork (webpack-internal:///(app-pages-browser)/./node_modules/next/dist/compiled/react-dom/cjs/react-dom.development.js:26927:14)
    at performUnitOfWork (webpack-internal:///(app-pages-browser)/./node_modules/next/dist/compiled/react-dom/cjs/react-dom.development.js:25748:12)
    at workLoopSync (webpack-internal:///(app-pages-browser)/./node_modules/next/dist/compiled/react-dom/cjs/react-dom.development.js:25464:5)
    at renderRootSync (webpack-internal:///(app-pages-browser)/./node_modules/next/dist/compiled/react-dom/cjs/react-dom.development.js:25419:7)
    at performConcurrentWorkOnRoot (webpack-internal:///(app-pages-browser)/./node_modules/next/dist/compiled/react-dom/cjs/react-dom.development.js:24504:74)
    at workLoop (webpack-internal:///(app-pages-browser)/./node_modules/next/dist/compiled/scheduler/cjs/scheduler.development.js:256:34)
    at flushWork (webpack-internal:///(app-pages-browser)/./node_modules/next/dist/compiled/scheduler/cjs/scheduler.development.js:225:14)
    at MessagePort.performWorkUntilDeadline (webpack-internal:///(app-pages-browser)/./node_modules/next/dist/compiled/scheduler/cjs/scheduler.development.js:534:21)
[ 1341878ms] Error: useSession can only be used within the <ClerkProvider /> component. Learn more: https://clerk.com/docs/components/clerk-provider
    at useAssertWrappedByClerkProvider (webpack-internal:///(app-pages-browser)/./node_modules/@clerk/shared/dist/react/index.mjs:112:11)
    at useSession (webpack-internal:///(app-pages-browser)/./node_modules/@clerk/shared/dist/react/index.mjs:592:3)
    at useEnforceCatchAllRoute (webpack-internal:///(app-pages-browser)/./node_modules/@clerk/nextjs/dist/esm/client-boundary/hooks/useEnforceCatchAllRoute.js:17:83)
    at useEnforceCorrectRoutingProps (webpack-internal:///(app-pages-browser)/./node_modules/@clerk/nextjs/dist/esm/client-boundary/hooks/useEnforceRoutingProps.js:14:84)
    at SignUp (webpack-internal:///(app-pages-browser)/./node_modules/@clerk/nextjs/dist/esm/client-boundary/uiComponents.js:87:104)
    at renderWithHooks (webpack-internal:///(app-pages-browser)/./node_modules/next/dist/compiled/react-dom/cjs/react-dom.development.js:11121:18)
    at updateFunctionComponent (webpack-internal:///(app-pages-browser)/./node_modules/next/dist/compiled/react-dom/cjs/react-dom.development.js:16290:20)
    at mountLazyComponent (webpack-internal:///(app-pages-browser)/./node_modules/next/dist/compiled/react-dom/cjs/react-dom.development.js:16765:17)
    at beginWork$1 (webpack-internal:///(app-pages-browser)/./node_modules/next/dist/compiled/react-dom/cjs/react-dom.development.js:18464:16)
    at beginWork (webpack-internal:///(app-pages-browser)/./node_modules/next/dist/compiled/react-dom/cjs/react-dom.development.js:26927:14)
    at performUnitOfWork (webpack-internal:///(app-pages-browser)/./node_modules/next/dist/compiled/react-dom/cjs/react-dom.development.js:25748:12)
    at workLoopSync (webpack-internal:///(app-pages-browser)/./node_modules/next/dist/compiled/react-dom/cjs/react-dom.development.js:25464:5)
    at renderRootSync (webpack-internal:///(app-pages-browser)/./node_modules/next/dist/compiled/react-dom/cjs/react-dom.development.js:25419:7)
    at performConcurrentWorkOnRoot (webpack-internal:///(app-pages-browser)/./node_modules/next/dist/compiled/react-dom/cjs/react-dom.development.js:24504:74)
    at workLoop (webpack-internal:///(app-pages-browser)/./node_modules/next/dist/compiled/scheduler/cjs/scheduler.development.js:256:34)
    at flushWork (webpack-internal:///(app-pages-browser)/./node_modules/next/dist/compiled/scheduler/cjs/scheduler.development.js:225:14)
    at MessagePort.performWorkUntilDeadline (webpack-internal:///(app-pages-browser)/./node_modules/next/dist/compiled/scheduler/cjs/scheduler.development.js:534:21)
[ 1341880ms] Error: useSession can only be used within the <ClerkProvider /> component. Learn more: https://clerk.com/docs/components/clerk-provider
    at useAssertWrappedByClerkProvider (webpack-internal:///(app-pages-browser)/./node_modules/@clerk/shared/dist/react/index.mjs:112:11)
    at useSession (webpack-internal:///(app-pages-browser)/./node_modules/@clerk/shared/dist/react/index.mjs:592:3)
    at useEnforceCatchAllRoute (webpack-internal:///(app-pages-browser)/./node_modules/@clerk/nextjs/dist/esm/client-boundary/hooks/useEnforceCatchAllRoute.js:17:83)
    at useEnforceCorrectRoutingProps (webpack-internal:///(app-pages-browser)/./node_modules/@clerk/nextjs/dist/esm/client-boundary/hooks/useEnforceRoutingProps.js:14:84)
    at SignUp (webpack-internal:///(app-pages-browser)/./node_modules/@clerk/nextjs/dist/esm/client-boundary/uiComponents.js:87:104)
    at renderWithHooks (webpack-internal:///(app-pages-browser)/./node_modules/next/dist/compiled/react-dom/cjs/react-dom.development.js:11121:18)
    at updateFunctionComponent (webpack-internal:///(app-pages-browser)/./node_modules/next/dist/compiled/react-dom/cjs/react-dom.development.js:16290:20)
    at mountLazyComponent (webpack-internal:///(app-pages-browser)/./node_modules/next/dist/compiled/react-dom/cjs/react-dom.development.js:16765:17)
    at beginWork$1 (webpack-internal:///(app-pages-browser)/./node_modules/next/dist/compiled/react-dom/cjs/react-dom.development.js:18464:16)
    at beginWork (webpack-internal:///(app-pages-browser)/./node_modules/next/dist/compiled/react-dom/cjs/react-dom.development.js:26927:14)
    at performUnitOfWork (webpack-internal:///(app-pages-browser)/./node_modules/next/dist/compiled/react-dom/cjs/react-dom.development.js:25748:12)
    at workLoopSync (webpack-internal:///(app-pages-browser)/./node_modules/next/dist/compiled/react-dom/cjs/react-dom.development.js:25464:5)
    at renderRootSync (webpack-internal:///(app-pages-browser)/./node_modules/next/dist/compiled/react-dom/cjs/react-dom.development.js:25419:7)
    at performConcurrentWorkOnRoot (webpack-internal:///(app-pages-browser)/./node_modules/next/dist/compiled/react-dom/cjs/react-dom.development.js:24504:74)
    at workLoop (webpack-internal:///(app-pages-browser)/./node_modules/next/dist/compiled/scheduler/cjs/scheduler.development.js:256:34)
    at flushWork (webpack-internal:///(app-pages-browser)/./node_modules/next/dist/compiled/scheduler/cjs/scheduler.development.js:225:14)
    at MessagePort.performWorkUntilDeadline (webpack-internal:///(app-pages-browser)/./node_modules/next/dist/compiled/scheduler/cjs/scheduler.development.js:534:21)
[ 1341881ms] Error: useSession can only be used within the <ClerkProvider /> component. Learn more: https://clerk.com/docs/components/clerk-provider
    at useAssertWrappedByClerkProvider (webpack-internal:///(app-pages-browser)/./node_modules/@clerk/shared/dist/react/index.mjs:112:11)
    at useSession (webpack-internal:///(app-pages-browser)/./node_modules/@clerk/shared/dist/react/index.mjs:592:3)
    at useEnforceCatchAllRoute (webpack-internal:///(app-pages-browser)/./node_modules/@clerk/nextjs/dist/esm/client-boundary/hooks/useEnforceCatchAllRoute.js:17:83)
    at useEnforceCorrectRoutingProps (webpack-internal:///(app-pages-browser)/./node_modules/@clerk/nextjs/dist/esm/client-boundary/hooks/useEnforceRoutingProps.js:14:84)
    at SignUp (webpack-internal:///(app-pages-browser)/./node_modules/@clerk/nextjs/dist/esm/client-boundary/uiComponents.js:87:104)
    at renderWithHooks (webpack-internal:///(app-pages-browser)/./node_modules/next/dist/compiled/react-dom/cjs/react-dom.development.js:11121:18)
    at updateFunctionComponent (webpack-internal:///(app-pages-browser)/./node_modules/next/dist/compiled/react-dom/cjs/react-dom.development.js:16290:20)
    at mountLazyComponent (webpack-internal:///(app-pages-browser)/./node_modules/next/dist/compiled/react-dom/cjs/react-dom.development.js:16765:17)
    at beginWork$1 (webpack-internal:///(app-pages-browser)/./node_modules/next/dist/compiled/react-dom/cjs/react-dom.development.js:18464:16)
    at HTMLUnknownElement.callCallback (webpack-internal:///(app-pages-browser)/./node_modules/next/dist/compiled/react-dom/cjs/react-dom.development.js:20565:14)
    at Object.invokeGuardedCallbackImpl (webpack-internal:///(app-pages-browser)/./node_modules/next/dist/compiled/react-dom/cjs/react-dom.development.js:20614:16)
    at invokeGuardedCallback (webpack-internal:///(app-pages-browser)/./node_modules/next/dist/compiled/react-dom/cjs/react-dom.development.js:20689:29)
    at beginWork (webpack-internal:///(app-pages-browser)/./node_modules/next/dist/compiled/react-dom/cjs/react-dom.development.js:26949:7)
    at performUnitOfWork (webpack-internal:///(app-pages-browser)/./node_modules/next/dist/compiled/react-dom/cjs/react-dom.development.js:25748:12)
    at workLoopSync (webpack-internal:///(app-pages-browser)/./node_modules/next/dist/compiled/react-dom/cjs/react-dom.development.js:25464:5)
    at renderRootSync (webpack-internal:///(app-pages-browser)/./node_modules/next/dist/compiled/react-dom/cjs/react-dom.development.js:25419:7)
    at recoverFromConcurrentError (webpack-internal:///(app-pages-browser)/./node_modules/next/dist/compiled/react-dom/cjs/react-dom.development.js:24597:20)
    at performConcurrentWorkOnRoot (webpack-internal:///(app-pages-browser)/./node_modules/next/dist/compiled/react-dom/cjs/react-dom.development.js:24542:26)
    at workLoop (webpack-internal:///(app-pages-browser)/./node_modules/next/dist/compiled/scheduler/cjs/scheduler.development.js:256:34)
    at flushWork (webpack-internal:///(app-pages-browser)/./node_modules/next/dist/compiled/scheduler/cjs/scheduler.development.js:225:14)
    at MessagePort.performWorkUntilDeadline (webpack-internal:///(app-pages-browser)/./node_modules/next/dist/compiled/scheduler/cjs/scheduler.development.js:534:21)
[ 1341881ms] Error: useSession can only be used within the <ClerkProvider /> component. Learn more: https://clerk.com/docs/components/clerk-provider
    at useAssertWrappedByClerkProvider (webpack-internal:///(app-pages-browser)/./node_modules/@clerk/shared/dist/react/index.mjs:112:11)
    at useSession (webpack-internal:///(app-pages-browser)/./node_modules/@clerk/shared/dist/react/index.mjs:592:3)
    at useEnforceCatchAllRoute (webpack-internal:///(app-pages-browser)/./node_modules/@clerk/nextjs/dist/esm/client-boundary/hooks/useEnforceCatchAllRoute.js:17:83)
    at useEnforceCorrectRoutingProps (webpack-internal:///(app-pages-browser)/./node_modules/@clerk/nextjs/dist/esm/client-boundary/hooks/useEnforceRoutingProps.js:14:84)
    at SignUp (webpack-internal:///(app-pages-browser)/./node_modules/@clerk/nextjs/dist/esm/client-boundary/uiComponents.js:87:104)
    at renderWithHooks (webpack-internal:///(app-pages-browser)/./node_modules/next/dist/compiled/react-dom/cjs/react-dom.development.js:11121:18)
    at updateFunctionComponent (webpack-internal:///(app-pages-browser)/./node_modules/next/dist/compiled/react-dom/cjs/react-dom.development.js:16290:20)
    at mountLazyComponent (webpack-internal:///(app-pages-browser)/./node_modules/next/dist/compiled/react-dom/cjs/react-dom.development.js:16765:17)
    at beginWork$1 (webpack-internal:///(app-pages-browser)/./node_modules/next/dist/compiled/react-dom/cjs/react-dom.development.js:18464:16)
    at beginWork (webpack-internal:///(app-pages-browser)/./node_modules/next/dist/compiled/react-dom/cjs/react-dom.development.js:26927:14)
    at performUnitOfWork (webpack-internal:///(app-pages-browser)/./node_modules/next/dist/compiled/react-dom/cjs/react-dom.development.js:25748:12)
    at workLoopSync (webpack-internal:///(app-pages-browser)/./node_modules/next/dist/compiled/react-dom/cjs/react-dom.development.js:25464:5)
    at renderRootSync (webpack-internal:///(app-pages-browser)/./node_modules/next/dist/compiled/react-dom/cjs/react-dom.development.js:25419:7)
    at recoverFromConcurrentError (webpack-internal:///(app-pages-browser)/./node_modules/next/dist/compiled/react-dom/cjs/react-dom.development.js:24597:20)
    at performConcurrentWorkOnRoot (webpack-internal:///(app-pages-browser)/./node_modules/next/dist/compiled/react-dom/cjs/react-dom.development.js:24542:26)
    at workLoop (webpack-internal:///(app-pages-browser)/./node_modules/next/dist/compiled/scheduler/cjs/scheduler.development.js:256:34)
    at flushWork (webpack-internal:///(app-pages-browser)/./node_modules/next/dist/compiled/scheduler/cjs/scheduler.development.js:225:14)
    at MessagePort.performWorkUntilDeadline (webpack-internal:///(app-pages-browser)/./node_modules/next/dist/compiled/scheduler/cjs/scheduler.development.js:534:21)
[ 1341883ms] Error: useSession can only be used within the <ClerkProvider /> component. Learn more: https://clerk.com/docs/components/clerk-provider
    at useAssertWrappedByClerkProvider (webpack-internal:///(app-pages-browser)/./node_modules/@clerk/shared/dist/react/index.mjs:112:11)
    at useSession (webpack-internal:///(app-pages-browser)/./node_modules/@clerk/shared/dist/react/index.mjs:592:3)
    at useEnforceCatchAllRoute (webpack-internal:///(app-pages-browser)/./node_modules/@clerk/nextjs/dist/esm/client-boundary/hooks/useEnforceCatchAllRoute.js:17:83)
    at useEnforceCorrectRoutingProps (webpack-internal:///(app-pages-browser)/./node_modules/@clerk/nextjs/dist/esm/client-boundary/hooks/useEnforceRoutingProps.js:14:84)
    at SignUp (webpack-internal:///(app-pages-browser)/./node_modules/@clerk/nextjs/dist/esm/client-boundary/uiComponents.js:87:104)
    at renderWithHooks (webpack-internal:///(app-pages-browser)/./node_modules/next/dist/compiled/react-dom/cjs/react-dom.development.js:11121:18)
    at updateFunctionComponent (webpack-internal:///(app-pages-browser)/./node_modules/next/dist/compiled/react-dom/cjs/react-dom.development.js:16290:20)
    at mountLazyComponent (webpack-internal:///(app-pages-browser)/./node_modules/next/dist/compiled/react-dom/cjs/react-dom.development.js:16765:17)
    at beginWork$1 (webpack-internal:///(app-pages-browser)/./node_modules/next/dist/compiled/react-dom/cjs/react-dom.development.js:18464:16)
    at beginWork (webpack-internal:///(app-pages-browser)/./node_modules/next/dist/compiled/react-dom/cjs/react-dom.development.js:26927:14)
    at performUnitOfWork (webpack-internal:///(app-pages-browser)/./node_modules/next/dist/compiled/react-dom/cjs/react-dom.development.js:25748:12)
    at workLoopSync (webpack-internal:///(app-pages-browser)/./node_modules/next/dist/compiled/react-dom/cjs/react-dom.development.js:25464:5)
    at renderRootSync (webpack-internal:///(app-pages-browser)/./node_modules/next/dist/compiled/react-dom/cjs/react-dom.development.js:25419:7)
    at recoverFromConcurrentError (webpack-internal:///(app-pages-browser)/./node_modules/next/dist/compiled/react-dom/cjs/react-dom.development.js:24597:20)
    at performConcurrentWorkOnRoot (webpack-internal:///(app-pages-browser)/./node_modules/next/dist/compiled/react-dom/cjs/react-dom.development.js:24542:26)
    at workLoop (webpack-internal:///(app-pages-browser)/./node_modules/next/dist/compiled/scheduler/cjs/scheduler.development.js:256:34)
    at flushWork (webpack-internal:///(app-pages-browser)/./node_modules/next/dist/compiled/scheduler/cjs/scheduler.development.js:225:14)
    at MessagePort.performWorkUntilDeadline (webpack-internal:///(app-pages-browser)/./node_modules/next/dist/compiled/scheduler/cjs/scheduler.development.js:534:21)
[ 1341884ms] Error: useSession can only be used within the <ClerkProvider /> component. Learn more: https://clerk.com/docs/components/clerk-provider
    at useAssertWrappedByClerkProvider (webpack-internal:///(app-pages-browser)/./node_modules/@clerk/shared/dist/react/index.mjs:112:11)
    at useSession (webpack-internal:///(app-pages-browser)/./node_modules/@clerk/shared/dist/react/index.mjs:592:3)
    at useEnforceCatchAllRoute (webpack-internal:///(app-pages-browser)/./node_modules/@clerk/nextjs/dist/esm/client-boundary/hooks/useEnforceCatchAllRoute.js:17:83)
    at useEnforceCorrectRoutingProps (webpack-internal:///(app-pages-browser)/./node_modules/@clerk/nextjs/dist/esm/client-boundary/hooks/useEnforceRoutingProps.js:14:84)
    at SignUp (webpack-internal:///(app-pages-browser)/./node_modules/@clerk/nextjs/dist/esm/client-boundary/uiComponents.js:87:104)
    at renderWithHooks (webpack-internal:///(app-pages-browser)/./node_modules/next/dist/compiled/react-dom/cjs/react-dom.development.js:11121:18)
    at updateFunctionComponent (webpack-internal:///(app-pages-browser)/./node_modules/next/dist/compiled/react-dom/cjs/react-dom.development.js:16290:20)
    at mountLazyComponent (webpack-internal:///(app-pages-browser)/./node_modules/next/dist/compiled/react-dom/cjs/react-dom.development.js:16765:17)
    at beginWork$1 (webpack-internal:///(app-pages-browser)/./node_modules/next/dist/compiled/react-dom/cjs/react-dom.development.js:18464:16)
    at beginWork (webpack-internal:///(app-pages-browser)/./node_modules/next/dist/compiled/react-dom/cjs/react-dom.development.js:26927:14)
    at performUnitOfWork (webpack-internal:///(app-pages-browser)/./node_modules/next/dist/compiled/react-dom/cjs/react-dom.development.js:25748:12)
    at workLoopSync (webpack-internal:///(app-pages-browser)/./node_modules/next/dist/compiled/react-dom/cjs/react-dom.development.js:25464:5)
    at renderRootSync (webpack-internal:///(app-pages-browser)/./node_modules/next/dist/compiled/react-dom/cjs/react-dom.development.js:25419:7)
    at recoverFromConcurrentError (webpack-internal:///(app-pages-browser)/./node_modules/next/dist/compiled/react-dom/cjs/react-dom.development.js:24597:20)
    at performConcurrentWorkOnRoot (webpack-internal:///(app-pages-browser)/./node_modules/next/dist/compiled/react-dom/cjs/react-dom.development.js:24542:26)
    at workLoop (webpack-internal:///(app-pages-browser)/./node_modules/next/dist/compiled/scheduler/cjs/scheduler.development.js:256:34)
    at flushWork (webpack-internal:///(app-pages-browser)/./node_modules/next/dist/compiled/scheduler/cjs/scheduler.development.js:225:14)
    at MessagePort.performWorkUntilDeadline (webpack-internal:///(app-pages-browser)/./node_modules/next/dist/compiled/scheduler/cjs/scheduler.development.js:534:21)
[ 1341885ms] Error: useSession can only be used within the <ClerkProvider /> component. Learn more: https://clerk.com/docs/components/clerk-provider
    at useAssertWrappedByClerkProvider (webpack-internal:///(app-pages-browser)/./node_modules/@clerk/shared/dist/react/index.mjs:112:11)
    at useSession (webpack-internal:///(app-pages-browser)/./node_modules/@clerk/shared/dist/react/index.mjs:592:3)
    at useEnforceCatchAllRoute (webpack-internal:///(app-pages-browser)/./node_modules/@clerk/nextjs/dist/esm/client-boundary/hooks/useEnforceCatchAllRoute.js:17:83)
    at useEnforceCorrectRoutingProps (webpack-internal:///(app-pages-browser)/./node_modules/@clerk/nextjs/dist/esm/client-boundary/hooks/useEnforceRoutingProps.js:14:84)
    at SignUp (webpack-internal:///(app-pages-browser)/./node_modules/@clerk/nextjs/dist/esm/client-boundary/uiComponents.js:87:104)
    at renderWithHooks (webpack-internal:///(app-pages-browser)/./node_modules/next/dist/compiled/react-dom/cjs/react-dom.development.js:11121:18)
    at updateFunctionComponent (webpack-internal:///(app-pages-browser)/./node_modules/next/dist/compiled/react-dom/cjs/react-dom.development.js:16290:20)
    at mountLazyComponent (webpack-internal:///(app-pages-browser)/./node_modules/next/dist/compiled/react-dom/cjs/react-dom.development.js:16765:17)
    at beginWork$1 (webpack-internal:///(app-pages-browser)/./node_modules/next/dist/compiled/react-dom/cjs/react-dom.development.js:18464:16)
    at beginWork (webpack-internal:///(app-pages-browser)/./node_modules/next/dist/compiled/react-dom/cjs/react-dom.development.js:26927:14)
    at performUnitOfWork (webpack-internal:///(app-pages-browser)/./node_modules/next/dist/compiled/react-dom/cjs/react-dom.development.js:25748:12)
    at workLoopSync (webpack-internal:///(app-pages-browser)/./node_modules/next/dist/compiled/react-dom/cjs/react-dom.development.js:25464:5)
    at renderRootSync (webpack-internal:///(app-pages-browser)/./node_modules/next/dist/compiled/react-dom/cjs/react-dom.development.js:25419:7)
    at recoverFromConcurrentError (webpack-internal:///(app-pages-browser)/./node_modules/next/dist/compiled/react-dom/cjs/react-dom.development.js:24597:20)
    at performConcurrentWorkOnRoot (webpack-internal:///(app-pages-browser)/./node_modules/next/dist/compiled/react-dom/cjs/react-dom.development.js:24542:26)
    at workLoop (webpack-internal:///(app-pages-browser)/./node_modules/next/dist/compiled/scheduler/cjs/scheduler.development.js:256:34)
    at flushWork (webpack-internal:///(app-pages-browser)/./node_modules/next/dist/compiled/scheduler/cjs/scheduler.development.js:225:14)
    at MessagePort.performWorkUntilDeadline (webpack-internal:///(app-pages-browser)/./node_modules/next/dist/compiled/scheduler/cjs/scheduler.development.js:534:21)
[ 1341886ms] Error: useSession can only be used within the <ClerkProvider /> component. Learn more: https://clerk.com/docs/components/clerk-provider
    at useAssertWrappedByClerkProvider (webpack-internal:///(app-pages-browser)/./node_modules/@clerk/shared/dist/react/index.mjs:112:11)
    at useSession (webpack-internal:///(app-pages-browser)/./node_modules/@clerk/shared/dist/react/index.mjs:592:3)
    at useEnforceCatchAllRoute (webpack-internal:///(app-pages-browser)/./node_modules/@clerk/nextjs/dist/esm/client-boundary/hooks/useEnforceCatchAllRoute.js:17:83)
    at useEnforceCorrectRoutingProps (webpack-internal:///(app-pages-browser)/./node_modules/@clerk/nextjs/dist/esm/client-boundary/hooks/useEnforceRoutingProps.js:14:84)
    at SignUp (webpack-internal:///(app-pages-browser)/./node_modules/@clerk/nextjs/dist/esm/client-boundary/uiComponents.js:87:104)
    at renderWithHooks (webpack-internal:///(app-pages-browser)/./node_modules/next/dist/compiled/react-dom/cjs/react-dom.development.js:11121:18)
    at updateFunctionComponent (webpack-internal:///(app-pages-browser)/./node_modules/next/dist/compiled/react-dom/cjs/react-dom.development.js:16290:20)
    at mountLazyComponent (webpack-internal:///(app-pages-browser)/./node_modules/next/dist/compiled/react-dom/cjs/react-dom.development.js:16765:17)
    at beginWork$1 (webpack-internal:///(app-pages-browser)/./node_modules/next/dist/compiled/react-dom/cjs/react-dom.development.js:18464:16)
    at beginWork (webpack-internal:///(app-pages-browser)/./node_modules/next/dist/compiled/react-dom/cjs/react-dom.development.js:26927:14)
    at performUnitOfWork (webpack-internal:///(app-pages-browser)/./node_modules/next/dist/compiled/react-dom/cjs/react-dom.development.js:25748:12)
    at workLoopSync (webpack-internal:///(app-pages-browser)/./node_modules/next/dist/compiled/react-dom/cjs/react-dom.development.js:25464:5)
    at renderRootSync (webpack-internal:///(app-pages-browser)/./node_modules/next/dist/compiled/react-dom/cjs/react-dom.development.js:25419:7)
    at recoverFromConcurrentError (webpack-internal:///(app-pages-browser)/./node_modules/next/dist/compiled/react-dom/cjs/react-dom.development.js:24597:20)
    at performConcurrentWorkOnRoot (webpack-internal:///(app-pages-browser)/./node_modules/next/dist/compiled/react-dom/cjs/react-dom.development.js:24542:26)
    at workLoop (webpack-internal:///(app-pages-browser)/./node_modules/next/dist/compiled/scheduler/cjs/scheduler.development.js:256:34)
    at flushWork (webpack-internal:///(app-pages-browser)/./node_modules/next/dist/compiled/scheduler/cjs/scheduler.development.js:225:14)
    at MessagePort.performWorkUntilDeadline (webpack-internal:///(app-pages-browser)/./node_modules/next/dist/compiled/scheduler/cjs/scheduler.development.js:534:21)
[ 1341888ms] Error: useSession can only be used within the <ClerkProvider /> component. Learn more: https://clerk.com/docs/components/clerk-provider
    at useAssertWrappedByClerkProvider (webpack-internal:///(app-pages-browser)/./node_modules/@clerk/shared/dist/react/index.mjs:112:11)
    at useSession (webpack-internal:///(app-pages-browser)/./node_modules/@clerk/shared/dist/react/index.mjs:592:3)
    at useEnforceCatchAllRoute (webpack-internal:///(app-pages-browser)/./node_modules/@clerk/nextjs/dist/esm/client-boundary/hooks/useEnforceCatchAllRoute.js:17:83)
    at useEnforceCorrectRoutingProps (webpack-internal:///(app-pages-browser)/./node_modules/@clerk/nextjs/dist/esm/client-boundary/hooks/useEnforceRoutingProps.js:14:84)
    at SignUp (webpack-internal:///(app-pages-browser)/./node_modules/@clerk/nextjs/dist/esm/client-boundary/uiComponents.js:87:104)
    at renderWithHooks (webpack-internal:///(app-pages-browser)/./node_modules/next/dist/compiled/react-dom/cjs/react-dom.development.js:11121:18)
    at updateFunctionComponent (webpack-internal:///(app-pages-browser)/./node_modules/next/dist/compiled/react-dom/cjs/react-dom.development.js:16290:20)
    at mountLazyComponent (webpack-internal:///(app-pages-browser)/./node_modules/next/dist/compiled/react-dom/cjs/react-dom.development.js:16765:17)
    at beginWork$1 (webpack-internal:///(app-pages-browser)/./node_modules/next/dist/compiled/react-dom/cjs/react-dom.development.js:18464:16)
    at beginWork (webpack-internal:///(app-pages-browser)/./node_modules/next/dist/compiled/react-dom/cjs/react-dom.development.js:26927:14)
    at performUnitOfWork (webpack-internal:///(app-pages-browser)/./node_modules/next/dist/compiled/react-dom/cjs/react-dom.development.js:25748:12)
    at workLoopSync (webpack-internal:///(app-pages-browser)/./node_modules/next/dist/compiled/react-dom/cjs/react-dom.development.js:25464:5)
    at renderRootSync (webpack-internal:///(app-pages-browser)/./node_modules/next/dist/compiled/react-dom/cjs/react-dom.development.js:25419:7)
    at recoverFromConcurrentError (webpack-internal:///(app-pages-browser)/./node_modules/next/dist/compiled/react-dom/cjs/react-dom.development.js:24597:20)
    at performConcurrentWorkOnRoot (webpack-internal:///(app-pages-browser)/./node_modules/next/dist/compiled/react-dom/cjs/react-dom.development.js:24542:26)
    at workLoop (webpack-internal:///(app-pages-browser)/./node_modules/next/dist/compiled/scheduler/cjs/scheduler.development.js:256:34)
    at flushWork (webpack-internal:///(app-pages-browser)/./node_modules/next/dist/compiled/scheduler/cjs/scheduler.development.js:225:14)
    at MessagePort.performWorkUntilDeadline (webpack-internal:///(app-pages-browser)/./node_modules/next/dist/compiled/scheduler/cjs/scheduler.development.js:534:21)
[ 1341884ms] [ERROR] The above error occurred in the <NotFoundErrorBoundary> component:

    at SignUp (webpack-internal:///(app-pages-browser)/./node_modules/@clerk/nextjs/dist/esm/client-boundary/uiComponents.js:87:104)
    at div
    at SignUpPage (Server)
    at InnerLayoutRouter (webpack-internal:///(app-pages-browser)/./node_modules/next/dist/client/components/layout-router.js:243:11)
    at RedirectErrorBoundary (webpack-internal:///(app-pages-browser)/./node_modules/next/dist/client/components/redirect-boundary.js:74:9)
    at RedirectBoundary (webpack-internal:///(app-pages-browser)/./node_modules/next/dist/client/components/redirect-boundary.js:82:11)
    at NotFoundBoundary (webpack-internal:///(app-pages-browser)/./node_modules/next/dist/client/components/not-found-boundary.js:84:11)
    at LoadingBoundary (webpack-internal:///(app-pages-browser)/./node_modules/next/dist/client/components/layout-router.js:349:11)
    at ErrorBoundary (webpack-internal:///(app-pages-browser)/./node_modules/next/dist/client/components/error-boundary.js:160:11)
    at InnerScrollAndFocusHandler (webpack-internal:///(app-pages-browser)/./node_modules/next/dist/client/components/layout-router.js:153:9)
    at ScrollAndFocusHandler (webpack-internal:///(app-pages-browser)/./node_modules/next/dist/client/components/layout-router.js:228:11)
    at RenderFromTemplateContext (webpack-internal:///(app-pages-browser)/./node_modules/next/dist/client/components/render-from-template-context.js:16:44)
    at OuterLayoutRouter (webpack-internal:///(app-pages-browser)/./node_modules/next/dist/client/components/layout-router.js:370:11)
    at InnerLayoutRouter (webpack-internal:///(app-pages-browser)/./node_modules/next/dist/client/components/layout-router.js:243:11)
    at RedirectErrorBoundary (webpack-internal:///(app-pages-browser)/./node_modules/next/dist/client/components/redirect-boundary.js:74:9)
    at RedirectBoundary (webpack-internal:///(app-pages-browser)/./node_modules/next/dist/client/components/redirect-boundary.js:82:11)
    at NotFoundBoundary (webpack-internal:///(app-pages-browser)/./node_modules/next/dist/client/components/not-found-boundary.js:84:11)
    at LoadingBoundary (webpack-internal:///(app-pages-browser)/./node_modules/next/dist/client/components/layout-router.js:349:11)
    at ErrorBoundary (webpack-internal:///(app-pages-browser)/./node_modules/next/dist/client/components/error-boundary.js:160:11)
    at InnerScrollAndFocusHandler (webpack-internal:///(app-pages-browser)/./node_modules/next/dist/client/components/layout-router.js:153:9)
    at ScrollAndFocusHandler (webpack-internal:///(app-pages-browser)/./node_modules/next/dist/client/components/layout-router.js:228:11)
    at RenderFromTemplateContext (webpack-internal:///(app-pages-browser)/./node_modules/next/dist/client/components/render-from-template-context.js:16:44)
    at OuterLayoutRouter (webpack-internal:///(app-pages-browser)/./node_modules/next/dist/client/components/layout-router.js:370:11)
    at InnerLayoutRouter (webpack-internal:///(app-pages-browser)/./node_modules/next/dist/client/components/layout-router.js:243:11)
    at RedirectErrorBoundary (webpack-internal:///(app-pages-browser)/./node_modules/next/dist/client/components/redirect-boundary.js:74:9)
    at RedirectBoundary (webpack-internal:///(app-pages-browser)/./node_modules/next/dist/client/components/redirect-boundary.js:82:11)
    at NotFoundErrorBoundary (webpack-internal:///(app-pages-browser)/./node_modules/next/dist/client/components/not-found-boundary.js:76:9)
    at NotFoundBoundary (webpack-internal:///(app-pages-browser)/./node_modules/next/dist/client/components/not-found-boundary.js:84:11)
    at LoadingBoundary (webpack-internal:///(app-pages-browser)/./node_modules/next/dist/client/components/layout-router.js:349:11)
    at ErrorBoundary (webpack-internal:///(app-pages-browser)/./node_modules/next/dist/client/components/error-boundary.js:160:11)
    at InnerScrollAndFocusHandler (webpack-internal:///(app-pages-browser)/./node_modules/next/dist/client/components/layout-router.js:153:9)
    at ScrollAndFocusHandler (webpack-internal:///(app-pages-browser)/./node_modules/next/dist/client/components/layout-router.js:228:11)
    at RenderFromTemplateContext (webpack-internal:///(app-pages-browser)/./node_modules/next/dist/client/components/render-from-template-context.js:16:44)
    at OuterLayoutRouter (webpack-internal:///(app-pages-browser)/./node_modules/next/dist/client/components/layout-router.js:370:11)
    at body
    at html
    at RootLayout (Server)
    at RedirectErrorBoundary (webpack-internal:///(app-pages-browser)/./node_modules/next/dist/client/components/redirect-boundary.js:74:9)
    at RedirectBoundary (webpack-internal:///(app-pages-browser)/./node_modules/next/dist/client/components/redirect-boundary.js:82:11)
    at NotFoundErrorBoundary (webpack-internal:///(app-pages-browser)/./node_modules/next/dist/client/components/not-found-boundary.js:76:9)
    at NotFoundBoundary (webpack-internal:///(app-pages-browser)/./node_modules/next/dist/client/components/not-found-boundary.js:84:11)
    at DevRootNotFoundBoundary (webpack-internal:///(app-pages-browser)/./node_modules/next/dist/client/components/dev-root-not-found-boundary.js:33:11)
    at ReactDevOverlay (webpack-internal:///(app-pages-browser)/./node_modules/next/dist/client/components/react-dev-overlay/app/ReactDevOverlay.js:87:9)
    at HotReload (webpack-internal:///(app-pages-browser)/./node_modules/next/dist/client/components/react-dev-overlay/app/hot-reloader-client.js:321:11)
    at Router (webpack-internal:///(app-pages-browser)/./node_modules/next/dist/client/components/app-router.js:207:11)
    at ErrorBoundaryHandler (webpack-internal:///(app-pages-browser)/./node_modules/next/dist/client/components/error-boundary.js:113:9)
    at ErrorBoundary (webpack-internal:///(app-pages-browser)/./node_modules/next/dist/client/components/error-boundary.js:160:11)
    at AppRouter (webpack-internal:///(app-pages-browser)/./node_modules/next/dist/client/components/app-router.js:585:13)
    at ServerRoot (webpack-internal:///(app-pages-browser)/./node_modules/next/dist/client/app-index.js:112:27)
    at Root (webpack-internal:///(app-pages-browser)/./node_modules/next/dist/client/app-index.js:117:11)
    at ReactDevOverlay (webpack-internal:///(app-pages-browser)/./node_modules/next/dist/client/components/react-dev-overlay/app/ReactDevOverlay.js:87:9)

React will try to recreate this component tree from scratch using the error boundary you provided, ReactDevOverlay. @ webpack-internal:///(app-pages-browser)/./node_modules/next/dist/client/app-index.js:32
[ 1355578ms] [INFO] %cDownload the React DevTools for a better development experience: https://reactjs.org/link/react-devtools font-weight:bold @ webpack-internal:///(app-pages-browser)/./node_modules/next/dist/compiled/react-dom/cjs/react-dom.development.js:38559
[ 1355642ms] [ERROR] Failed to load resource: the server responded with a status of 404 (Not Found) @ http://localhost:3008/favicon.ico:0
[ 1358490ms] [LOG] [Fast Refresh] rebuilding @ webpack-internal:///(app-pages-browser)/./node_modules/next/dist/client/components/react-dev-overlay/app/hot-reloader-client.js:186
[ 1358796ms] [LOG] [Fast Refresh] done in 306ms @ webpack-internal:///(app-pages-browser)/./node_modules/next/dist/client/components/react-dev-overlay/app/hot-reloader-client.js:43
[ 1359331ms] [ERROR] Failed to load resource: the server responded with a status of 500 (Internal Server Error) @ http://localhost:3008/sign-up:0
[ 1359684ms] [INFO] %cDownload the React DevTools for a better development experience: https://reactjs.org/link/react-devtools font-weight:bold @ webpack-internal:///(app-pages-browser)/./node_modules/next/dist/compiled/react-dom/cjs/react-dom.development.js:38559
[ 1359756ms] Error: useSession can only be used within the <ClerkProvider /> component. Learn more: https://clerk.com/docs/components/clerk-provider
    at useAssertWrappedByClerkProvider (webpack-internal:///(app-pages-browser)/./node_modules/@clerk/shared/dist/react/index.mjs:112:11)
    at useSession (webpack-internal:///(app-pages-browser)/./node_modules/@clerk/shared/dist/react/index.mjs:592:3)
    at useEnforceCatchAllRoute (webpack-internal:///(app-pages-browser)/./node_modules/@clerk/nextjs/dist/esm/client-boundary/hooks/useEnforceCatchAllRoute.js:17:83)
    at useEnforceCorrectRoutingProps (webpack-internal:///(app-pages-browser)/./node_modules/@clerk/nextjs/dist/esm/client-boundary/hooks/useEnforceRoutingProps.js:14:84)
    at SignUp (webpack-internal:///(app-pages-browser)/./node_modules/@clerk/nextjs/dist/esm/client-boundary/uiComponents.js:87:104)
    at renderWithHooks (webpack-internal:///(app-pages-browser)/./node_modules/next/dist/compiled/react-dom/cjs/react-dom.development.js:11121:18)
    at updateFunctionComponent (webpack-internal:///(app-pages-browser)/./node_modules/next/dist/compiled/react-dom/cjs/react-dom.development.js:16290:20)
    at mountLazyComponent (webpack-internal:///(app-pages-browser)/./node_modules/next/dist/compiled/react-dom/cjs/react-dom.development.js:16765:17)
    at beginWork$1 (webpack-internal:///(app-pages-browser)/./node_modules/next/dist/compiled/react-dom/cjs/react-dom.development.js:18464:16)
    at HTMLUnknownElement.callCallback (webpack-internal:///(app-pages-browser)/./node_modules/next/dist/compiled/react-dom/cjs/react-dom.development.js:20565:14)
    at Object.invokeGuardedCallbackImpl (webpack-internal:///(app-pages-browser)/./node_modules/next/dist/compiled/react-dom/cjs/react-dom.development.js:20614:16)
    at invokeGuardedCallback (webpack-internal:///(app-pages-browser)/./node_modules/next/dist/compiled/react-dom/cjs/react-dom.development.js:20689:29)
    at beginWork (webpack-internal:///(app-pages-browser)/./node_modules/next/dist/compiled/react-dom/cjs/react-dom.development.js:26949:7)
    at performUnitOfWork (webpack-internal:///(app-pages-browser)/./node_modules/next/dist/compiled/react-dom/cjs/react-dom.development.js:25748:12)
    at workLoopSync (webpack-internal:///(app-pages-browser)/./node_modules/next/dist/compiled/react-dom/cjs/react-dom.development.js:25464:5)
    at renderRootSync (webpack-internal:///(app-pages-browser)/./node_modules/next/dist/compiled/react-dom/cjs/react-dom.development.js:25419:7)
    at performConcurrentWorkOnRoot (webpack-internal:///(app-pages-browser)/./node_modules/next/dist/compiled/react-dom/cjs/react-dom.development.js:24504:74)
    at workLoop (webpack-internal:///(app-pages-browser)/./node_modules/next/dist/compiled/scheduler/cjs/scheduler.development.js:256:34)
    at flushWork (webpack-internal:///(app-pages-browser)/./node_modules/next/dist/compiled/scheduler/cjs/scheduler.development.js:225:14)
    at MessagePort.performWorkUntilDeadline (webpack-internal:///(app-pages-browser)/./node_modules/next/dist/compiled/scheduler/cjs/scheduler.development.js:534:21)
[ 1359758ms] Error: useSession can only be used within the <ClerkProvider /> component. Learn more: https://clerk.com/docs/components/clerk-provider
    at useAssertWrappedByClerkProvider (webpack-internal:///(app-pages-browser)/./node_modules/@clerk/shared/dist/react/index.mjs:112:11)
    at useSession (webpack-internal:///(app-pages-browser)/./node_modules/@clerk/shared/dist/react/index.mjs:592:3)
    at useEnforceCatchAllRoute (webpack-internal:///(app-pages-browser)/./node_modules/@clerk/nextjs/dist/esm/client-boundary/hooks/useEnforceCatchAllRoute.js:17:83)
    at useEnforceCorrectRoutingProps (webpack-internal:///(app-pages-browser)/./node_modules/@clerk/nextjs/dist/esm/client-boundary/hooks/useEnforceRoutingProps.js:14:84)
    at SignUp (webpack-internal:///(app-pages-browser)/./node_modules/@clerk/nextjs/dist/esm/client-boundary/uiComponents.js:87:104)
    at renderWithHooks (webpack-internal:///(app-pages-browser)/./node_modules/next/dist/compiled/react-dom/cjs/react-dom.development.js:11121:18)
    at updateFunctionComponent (webpack-internal:///(app-pages-browser)/./node_modules/next/dist/compiled/react-dom/cjs/react-dom.development.js:16290:20)
    at mountLazyComponent (webpack-internal:///(app-pages-browser)/./node_modules/next/dist/compiled/react-dom/cjs/react-dom.development.js:16765:17)
    at beginWork$1 (webpack-internal:///(app-pages-browser)/./node_modules/next/dist/compiled/react-dom/cjs/react-dom.development.js:18464:16)
    at beginWork (webpack-internal:///(app-pages-browser)/./node_modules/next/dist/compiled/react-dom/cjs/react-dom.development.js:26927:14)
    at performUnitOfWork (webpack-internal:///(app-pages-browser)/./node_modules/next/dist/compiled/react-dom/cjs/react-dom.development.js:25748:12)
    at workLoopSync (webpack-internal:///(app-pages-browser)/./node_modules/next/dist/compiled/react-dom/cjs/react-dom.development.js:25464:5)
    at renderRootSync (webpack-internal:///(app-pages-browser)/./node_modules/next/dist/compiled/react-dom/cjs/react-dom.development.js:25419:7)
    at performConcurrentWorkOnRoot (webpack-internal:///(app-pages-browser)/./node_modules/next/dist/compiled/react-dom/cjs/react-dom.development.js:24504:74)
    at workLoop (webpack-internal:///(app-pages-browser)/./node_modules/next/dist/compiled/scheduler/cjs/scheduler.development.js:256:34)
    at flushWork (webpack-internal:///(app-pages-browser)/./node_modules/next/dist/compiled/scheduler/cjs/scheduler.development.js:225:14)
    at MessagePort.performWorkUntilDeadline (webpack-internal:///(app-pages-browser)/./node_modules/next/dist/compiled/scheduler/cjs/scheduler.development.js:534:21)
[ 1359758ms] Error: useSession can only be used within the <ClerkProvider /> component. Learn more: https://clerk.com/docs/components/clerk-provider
    at useAssertWrappedByClerkProvider (webpack-internal:///(app-pages-browser)/./node_modules/@clerk/shared/dist/react/index.mjs:112:11)
    at useSession (webpack-internal:///(app-pages-browser)/./node_modules/@clerk/shared/dist/react/index.mjs:592:3)
    at useEnforceCatchAllRoute (webpack-internal:///(app-pages-browser)/./node_modules/@clerk/nextjs/dist/esm/client-boundary/hooks/useEnforceCatchAllRoute.js:17:83)
    at useEnforceCorrectRoutingProps (webpack-internal:///(app-pages-browser)/./node_modules/@clerk/nextjs/dist/esm/client-boundary/hooks/useEnforceRoutingProps.js:14:84)
    at SignUp (webpack-internal:///(app-pages-browser)/./node_modules/@clerk/nextjs/dist/esm/client-boundary/uiComponents.js:87:104)
    at renderWithHooks (webpack-internal:///(app-pages-browser)/./node_modules/next/dist/compiled/react-dom/cjs/react-dom.development.js:11121:18)
    at updateFunctionComponent (webpack-internal:///(app-pages-browser)/./node_modules/next/dist/compiled/react-dom/cjs/react-dom.development.js:16290:20)
    at mountLazyComponent (webpack-internal:///(app-pages-browser)/./node_modules/next/dist/compiled/react-dom/cjs/react-dom.development.js:16765:17)
    at beginWork$1 (webpack-internal:///(app-pages-browser)/./node_modules/next/dist/compiled/react-dom/cjs/react-dom.development.js:18464:16)
    at beginWork (webpack-internal:///(app-pages-browser)/./node_modules/next/dist/compiled/react-dom/cjs/react-dom.development.js:26927:14)
    at performUnitOfWork (webpack-internal:///(app-pages-browser)/./node_modules/next/dist/compiled/react-dom/cjs/react-dom.development.js:25748:12)
    at workLoopSync (webpack-internal:///(app-pages-browser)/./node_modules/next/dist/compiled/react-dom/cjs/react-dom.development.js:25464:5)
    at renderRootSync (webpack-internal:///(app-pages-browser)/./node_modules/next/dist/compiled/react-dom/cjs/react-dom.development.js:25419:7)
    at performConcurrentWorkOnRoot (webpack-internal:///(app-pages-browser)/./node_modules/next/dist/compiled/react-dom/cjs/react-dom.development.js:24504:74)
    at workLoop (webpack-internal:///(app-pages-browser)/./node_modules/next/dist/compiled/scheduler/cjs/scheduler.development.js:256:34)
    at flushWork (webpack-internal:///(app-pages-browser)/./node_modules/next/dist/compiled/scheduler/cjs/scheduler.development.js:225:14)
    at MessagePort.performWorkUntilDeadline (webpack-internal:///(app-pages-browser)/./node_modules/next/dist/compiled/scheduler/cjs/scheduler.development.js:534:21)
[ 1359759ms] Error: useSession can only be used within the <ClerkProvider /> component. Learn more: https://clerk.com/docs/components/clerk-provider
    at useAssertWrappedByClerkProvider (webpack-internal:///(app-pages-browser)/./node_modules/@clerk/shared/dist/react/index.mjs:112:11)
    at useSession (webpack-internal:///(app-pages-browser)/./node_modules/@clerk/shared/dist/react/index.mjs:592:3)
    at useEnforceCatchAllRoute (webpack-internal:///(app-pages-browser)/./node_modules/@clerk/nextjs/dist/esm/client-boundary/hooks/useEnforceCatchAllRoute.js:17:83)
    at useEnforceCorrectRoutingProps (webpack-internal:///(app-pages-browser)/./node_modules/@clerk/nextjs/dist/esm/client-boundary/hooks/useEnforceRoutingProps.js:14:84)
    at SignUp (webpack-internal:///(app-pages-browser)/./node_modules/@clerk/nextjs/dist/esm/client-boundary/uiComponents.js:87:104)
    at renderWithHooks (webpack-internal:///(app-pages-browser)/./node_modules/next/dist/compiled/react-dom/cjs/react-dom.development.js:11121:18)
    at updateFunctionComponent (webpack-internal:///(app-pages-browser)/./node_modules/next/dist/compiled/react-dom/cjs/react-dom.development.js:16290:20)
    at mountLazyComponent (webpack-internal:///(app-pages-browser)/./node_modules/next/dist/compiled/react-dom/cjs/react-dom.development.js:16765:17)
    at beginWork$1 (webpack-internal:///(app-pages-browser)/./node_modules/next/dist/compiled/react-dom/cjs/react-dom.development.js:18464:16)
    at beginWork (webpack-internal:///(app-pages-browser)/./node_modules/next/dist/compiled/react-dom/cjs/react-dom.development.js:26927:14)
    at performUnitOfWork (webpack-internal:///(app-pages-browser)/./node_modules/next/dist/compiled/react-dom/cjs/react-dom.development.js:25748:12)
    at workLoopSync (webpack-internal:///(app-pages-browser)/./node_modules/next/dist/compiled/react-dom/cjs/react-dom.development.js:25464:5)
    at renderRootSync (webpack-internal:///(app-pages-browser)/./node_modules/next/dist/compiled/react-dom/cjs/react-dom.development.js:25419:7)
    at performConcurrentWorkOnRoot (webpack-internal:///(app-pages-browser)/./node_modules/next/dist/compiled/react-dom/cjs/react-dom.development.js:24504:74)
    at workLoop (webpack-internal:///(app-pages-browser)/./node_modules/next/dist/compiled/scheduler/cjs/scheduler.development.js:256:34)
    at flushWork (webpack-internal:///(app-pages-browser)/./node_modules/next/dist/compiled/scheduler/cjs/scheduler.development.js:225:14)
    at MessagePort.performWorkUntilDeadline (webpack-internal:///(app-pages-browser)/./node_modules/next/dist/compiled/scheduler/cjs/scheduler.development.js:534:21)
[ 1359759ms] Error: useSession can only be used within the <ClerkProvider /> component. Learn more: https://clerk.com/docs/components/clerk-provider
    at useAssertWrappedByClerkProvider (webpack-internal:///(app-pages-browser)/./node_modules/@clerk/shared/dist/react/index.mjs:112:11)
    at useSession (webpack-internal:///(app-pages-browser)/./node_modules/@clerk/shared/dist/react/index.mjs:592:3)
    at useEnforceCatchAllRoute (webpack-internal:///(app-pages-browser)/./node_modules/@clerk/nextjs/dist/esm/client-boundary/hooks/useEnforceCatchAllRoute.js:17:83)
    at useEnforceCorrectRoutingProps (webpack-internal:///(app-pages-browser)/./node_modules/@clerk/nextjs/dist/esm/client-boundary/hooks/useEnforceRoutingProps.js:14:84)
    at SignUp (webpack-internal:///(app-pages-browser)/./node_modules/@clerk/nextjs/dist/esm/client-boundary/uiComponents.js:87:104)
    at renderWithHooks (webpack-internal:///(app-pages-browser)/./node_modules/next/dist/compiled/react-dom/cjs/react-dom.development.js:11121:18)
    at updateFunctionComponent (webpack-internal:///(app-pages-browser)/./node_modules/next/dist/compiled/react-dom/cjs/react-dom.development.js:16290:20)
    at mountLazyComponent (webpack-internal:///(app-pages-browser)/./node_modules/next/dist/compiled/react-dom/cjs/react-dom.development.js:16765:17)
    at beginWork$1 (webpack-internal:///(app-pages-browser)/./node_modules/next/dist/compiled/react-dom/cjs/react-dom.development.js:18464:16)
    at beginWork (webpack-internal:///(app-pages-browser)/./node_modules/next/dist/compiled/react-dom/cjs/react-dom.development.js:26927:14)
    at performUnitOfWork (webpack-internal:///(app-pages-browser)/./node_modules/next/dist/compiled/react-dom/cjs/react-dom.development.js:25748:12)
    at workLoopSync (webpack-internal:///(app-pages-browser)/./node_modules/next/dist/compiled/react-dom/cjs/react-dom.development.js:25464:5)
    at renderRootSync (webpack-internal:///(app-pages-browser)/./node_modules/next/dist/compiled/react-dom/cjs/react-dom.development.js:25419:7)
    at performConcurrentWorkOnRoot (webpack-internal:///(app-pages-browser)/./node_modules/next/dist/compiled/react-dom/cjs/react-dom.development.js:24504:74)
    at workLoop (webpack-internal:///(app-pages-browser)/./node_modules/next/dist/compiled/scheduler/cjs/scheduler.development.js:256:34)
    at flushWork (webpack-internal:///(app-pages-browser)/./node_modules/next/dist/compiled/scheduler/cjs/scheduler.development.js:225:14)
    at MessagePort.performWorkUntilDeadline (webpack-internal:///(app-pages-browser)/./node_modules/next/dist/compiled/scheduler/cjs/scheduler.development.js:534:21)
[ 1359759ms] Error: useSession can only be used within the <ClerkProvider /> component. Learn more: https://clerk.com/docs/components/clerk-provider
    at useAssertWrappedByClerkProvider (webpack-internal:///(app-pages-browser)/./node_modules/@clerk/shared/dist/react/index.mjs:112:11)
    at useSession (webpack-internal:///(app-pages-browser)/./node_modules/@clerk/shared/dist/react/index.mjs:592:3)
    at useEnforceCatchAllRoute (webpack-internal:///(app-pages-browser)/./node_modules/@clerk/nextjs/dist/esm/client-boundary/hooks/useEnforceCatchAllRoute.js:17:83)
    at useEnforceCorrectRoutingProps (webpack-internal:///(app-pages-browser)/./node_modules/@clerk/nextjs/dist/esm/client-boundary/hooks/useEnforceRoutingProps.js:14:84)
    at SignUp (webpack-internal:///(app-pages-browser)/./node_modules/@clerk/nextjs/dist/esm/client-boundary/uiComponents.js:87:104)
    at renderWithHooks (webpack-internal:///(app-pages-browser)/./node_modules/next/dist/compiled/react-dom/cjs/react-dom.development.js:11121:18)
    at updateFunctionComponent (webpack-internal:///(app-pages-browser)/./node_modules/next/dist/compiled/react-dom/cjs/react-dom.development.js:16290:20)
    at mountLazyComponent (webpack-internal:///(app-pages-browser)/./node_modules/next/dist/compiled/react-dom/cjs/react-dom.development.js:16765:17)
    at beginWork$1 (webpack-internal:///(app-pages-browser)/./node_modules/next/dist/compiled/react-dom/cjs/react-dom.development.js:18464:16)
    at beginWork (webpack-internal:///(app-pages-browser)/./node_modules/next/dist/compiled/react-dom/cjs/react-dom.development.js:26927:14)
    at performUnitOfWork (webpack-internal:///(app-pages-browser)/./node_modules/next/dist/compiled/react-dom/cjs/react-dom.development.js:25748:12)
    at workLoopSync (webpack-internal:///(app-pages-browser)/./node_modules/next/dist/compiled/react-dom/cjs/react-dom.development.js:25464:5)
    at renderRootSync (webpack-internal:///(app-pages-browser)/./node_modules/next/dist/compiled/react-dom/cjs/react-dom.development.js:25419:7)
    at performConcurrentWorkOnRoot (webpack-internal:///(app-pages-browser)/./node_modules/next/dist/compiled/react-dom/cjs/react-dom.development.js:24504:74)
    at workLoop (webpack-internal:///(app-pages-browser)/./node_modules/next/dist/compiled/scheduler/cjs/scheduler.development.js:256:34)
    at flushWork (webpack-internal:///(app-pages-browser)/./node_modules/next/dist/compiled/scheduler/cjs/scheduler.development.js:225:14)
    at MessagePort.performWorkUntilDeadline (webpack-internal:///(app-pages-browser)/./node_modules/next/dist/compiled/scheduler/cjs/scheduler.development.js:534:21)
[ 1359760ms] Error: useSession can only be used within the <ClerkProvider /> component. Learn more: https://clerk.com/docs/components/clerk-provider
    at useAssertWrappedByClerkProvider (webpack-internal:///(app-pages-browser)/./node_modules/@clerk/shared/dist/react/index.mjs:112:11)
    at useSession (webpack-internal:///(app-pages-browser)/./node_modules/@clerk/shared/dist/react/index.mjs:592:3)
    at useEnforceCatchAllRoute (webpack-internal:///(app-pages-browser)/./node_modules/@clerk/nextjs/dist/esm/client-boundary/hooks/useEnforceCatchAllRoute.js:17:83)
    at useEnforceCorrectRoutingProps (webpack-internal:///(app-pages-browser)/./node_modules/@clerk/nextjs/dist/esm/client-boundary/hooks/useEnforceRoutingProps.js:14:84)
    at SignUp (webpack-internal:///(app-pages-browser)/./node_modules/@clerk/nextjs/dist/esm/client-boundary/uiComponents.js:87:104)
    at renderWithHooks (webpack-internal:///(app-pages-browser)/./node_modules/next/dist/compiled/react-dom/cjs/react-dom.development.js:11121:18)
    at updateFunctionComponent (webpack-internal:///(app-pages-browser)/./node_modules/next/dist/compiled/react-dom/cjs/react-dom.development.js:16290:20)
    at mountLazyComponent (webpack-internal:///(app-pages-browser)/./node_modules/next/dist/compiled/react-dom/cjs/react-dom.development.js:16765:17)
    at beginWork$1 (webpack-internal:///(app-pages-browser)/./node_modules/next/dist/compiled/react-dom/cjs/react-dom.development.js:18464:16)
    at beginWork (webpack-internal:///(app-pages-browser)/./node_modules/next/dist/compiled/react-dom/cjs/react-dom.development.js:26927:14)
    at performUnitOfWork (webpack-internal:///(app-pages-browser)/./node_modules/next/dist/compiled/react-dom/cjs/react-dom.development.js:25748:12)
    at workLoopSync (webpack-internal:///(app-pages-browser)/./node_modules/next/dist/compiled/react-dom/cjs/react-dom.development.js:25464:5)
    at renderRootSync (webpack-internal:///(app-pages-browser)/./node_modules/next/dist/compiled/react-dom/cjs/react-dom.development.js:25419:7)
    at performConcurrentWorkOnRoot (webpack-internal:///(app-pages-browser)/./node_modules/next/dist/compiled/react-dom/cjs/react-dom.development.js:24504:74)
    at workLoop (webpack-internal:///(app-pages-browser)/./node_modules/next/dist/compiled/scheduler/cjs/scheduler.development.js:256:34)
    at flushWork (webpack-internal:///(app-pages-browser)/./node_modules/next/dist/compiled/scheduler/cjs/scheduler.development.js:225:14)
    at MessagePort.performWorkUntilDeadline (webpack-internal:///(app-pages-browser)/./node_modules/next/dist/compiled/scheduler/cjs/scheduler.development.js:534:21)
[ 1359763ms] Error: useSession can only be used within the <ClerkProvider /> component. Learn more: https://clerk.com/docs/components/clerk-provider
    at useAssertWrappedByClerkProvider (webpack-internal:///(app-pages-browser)/./node_modules/@clerk/shared/dist/react/index.mjs:112:11)
    at useSession (webpack-internal:///(app-pages-browser)/./node_modules/@clerk/shared/dist/react/index.mjs:592:3)
    at useEnforceCatchAllRoute (webpack-internal:///(app-pages-browser)/./node_modules/@clerk/nextjs/dist/esm/client-boundary/hooks/useEnforceCatchAllRoute.js:17:83)
    at useEnforceCorrectRoutingProps (webpack-internal:///(app-pages-browser)/./node_modules/@clerk/nextjs/dist/esm/client-boundary/hooks/useEnforceRoutingProps.js:14:84)
    at SignUp (webpack-internal:///(app-pages-browser)/./node_modules/@clerk/nextjs/dist/esm/client-boundary/uiComponents.js:87:104)
    at renderWithHooks (webpack-internal:///(app-pages-browser)/./node_modules/next/dist/compiled/react-dom/cjs/react-dom.development.js:11121:18)
    at updateFunctionComponent (webpack-internal:///(app-pages-browser)/./node_modules/next/dist/compiled/react-dom/cjs/react-dom.development.js:16290:20)
    at mountLazyComponent (webpack-internal:///(app-pages-browser)/./node_modules/next/dist/compiled/react-dom/cjs/react-dom.development.js:16765:17)
    at beginWork$1 (webpack-internal:///(app-pages-browser)/./node_modules/next/dist/compiled/react-dom/cjs/react-dom.development.js:18464:16)
    at HTMLUnknownElement.callCallback (webpack-internal:///(app-pages-browser)/./node_modules/next/dist/compiled/react-dom/cjs/react-dom.development.js:20565:14)
    at Object.invokeGuardedCallbackImpl (webpack-internal:///(app-pages-browser)/./node_modules/next/dist/compiled/react-dom/cjs/react-dom.development.js:20614:16)
    at invokeGuardedCallback (webpack-internal:///(app-pages-browser)/./node_modules/next/dist/compiled/react-dom/cjs/react-dom.development.js:20689:29)
    at beginWork (webpack-internal:///(app-pages-browser)/./node_modules/next/dist/compiled/react-dom/cjs/react-dom.development.js:26949:7)
    at performUnitOfWork (webpack-internal:///(app-pages-browser)/./node_modules/next/dist/compiled/react-dom/cjs/react-dom.development.js:25748:12)
    at workLoopSync (webpack-internal:///(app-pages-browser)/./node_modules/next/dist/compiled/react-dom/cjs/react-dom.development.js:25464:5)
    at renderRootSync (webpack-internal:///(app-pages-browser)/./node_modules/next/dist/compiled/react-dom/cjs/react-dom.development.js:25419:7)
    at recoverFromConcurrentError (webpack-internal:///(app-pages-browser)/./node_modules/next/dist/compiled/react-dom/cjs/react-dom.development.js:24597:20)
    at performConcurrentWorkOnRoot (webpack-internal:///(app-pages-browser)/./node_modules/next/dist/compiled/react-dom/cjs/react-dom.development.js:24542:26)
    at workLoop (webpack-internal:///(app-pages-browser)/./node_modules/next/dist/compiled/scheduler/cjs/scheduler.development.js:256:34)
    at flushWork (webpack-internal:///(app-pages-browser)/./node_modules/next/dist/compiled/scheduler/cjs/scheduler.development.js:225:14)
    at MessagePort.performWorkUntilDeadline (webpack-internal:///(app-pages-browser)/./node_modules/next/dist/compiled/scheduler/cjs/scheduler.development.js:534:21)
[ 1359765ms] Error: useSession can only be used within the <ClerkProvider /> component. Learn more: https://clerk.com/docs/components/clerk-provider
    at useAssertWrappedByClerkProvider (webpack-internal:///(app-pages-browser)/./node_modules/@clerk/shared/dist/react/index.mjs:112:11)
    at useSession (webpack-internal:///(app-pages-browser)/./node_modules/@clerk/shared/dist/react/index.mjs:592:3)
    at useEnforceCatchAllRoute (webpack-internal:///(app-pages-browser)/./node_modules/@clerk/nextjs/dist/esm/client-boundary/hooks/useEnforceCatchAllRoute.js:17:83)
    at useEnforceCorrectRoutingProps (webpack-internal:///(app-pages-browser)/./node_modules/@clerk/nextjs/dist/esm/client-boundary/hooks/useEnforceRoutingProps.js:14:84)
    at SignUp (webpack-internal:///(app-pages-browser)/./node_modules/@clerk/nextjs/dist/esm/client-boundary/uiComponents.js:87:104)
    at renderWithHooks (webpack-internal:///(app-pages-browser)/./node_modules/next/dist/compiled/react-dom/cjs/react-dom.development.js:11121:18)
    at updateFunctionComponent (webpack-internal:///(app-pages-browser)/./node_modules/next/dist/compiled/react-dom/cjs/react-dom.development.js:16290:20)
    at mountLazyComponent (webpack-internal:///(app-pages-browser)/./node_modules/next/dist/compiled/react-dom/cjs/react-dom.development.js:16765:17)
    at beginWork$1 (webpack-internal:///(app-pages-browser)/./node_modules/next/dist/compiled/react-dom/cjs/react-dom.development.js:18464:16)
    at beginWork (webpack-internal:///(app-pages-browser)/./node_modules/next/dist/compiled/react-dom/cjs/react-dom.development.js:26927:14)
    at performUnitOfWork (webpack-internal:///(app-pages-browser)/./node_modules/next/dist/compiled/react-dom/cjs/react-dom.development.js:25748:12)
    at workLoopSync (webpack-internal:///(app-pages-browser)/./node_modules/next/dist/compiled/react-dom/cjs/react-dom.development.js:25464:5)
    at renderRootSync (webpack-internal:///(app-pages-browser)/./node_modules/next/dist/compiled/react-dom/cjs/react-dom.development.js:25419:7)
    at recoverFromConcurrentError (webpack-internal:///(app-pages-browser)/./node_modules/next/dist/compiled/react-dom/cjs/react-dom.development.js:24597:20)
    at performConcurrentWorkOnRoot (webpack-internal:///(app-pages-browser)/./node_modules/next/dist/compiled/react-dom/cjs/react-dom.development.js:24542:26)
    at workLoop (webpack-internal:///(app-pages-browser)/./node_modules/next/dist/compiled/scheduler/cjs/scheduler.development.js:256:34)
    at flushWork (webpack-internal:///(app-pages-browser)/./node_modules/next/dist/compiled/scheduler/cjs/scheduler.development.js:225:14)
    at MessagePort.performWorkUntilDeadline (webpack-internal:///(app-pages-browser)/./node_modules/next/dist/compiled/scheduler/cjs/scheduler.development.js:534:21)
[ 1359765ms] Error: useSession can only be used within the <ClerkProvider /> component. Learn more: https://clerk.com/docs/components/clerk-provider
    at useAssertWrappedByClerkProvider (webpack-internal:///(app-pages-browser)/./node_modules/@clerk/shared/dist/react/index.mjs:112:11)
    at useSession (webpack-internal:///(app-pages-browser)/./node_modules/@clerk/shared/dist/react/index.mjs:592:3)
    at useEnforceCatchAllRoute (webpack-internal:///(app-pages-browser)/./node_modules/@clerk/nextjs/dist/esm/client-boundary/hooks/useEnforceCatchAllRoute.js:17:83)
    at useEnforceCorrectRoutingProps (webpack-internal:///(app-pages-browser)/./node_modules/@clerk/nextjs/dist/esm/client-boundary/hooks/useEnforceRoutingProps.js:14:84)
    at SignUp (webpack-internal:///(app-pages-browser)/./node_modules/@clerk/nextjs/dist/esm/client-boundary/uiComponents.js:87:104)
    at renderWithHooks (webpack-internal:///(app-pages-browser)/./node_modules/next/dist/compiled/react-dom/cjs/react-dom.development.js:11121:18)
    at updateFunctionComponent (webpack-internal:///(app-pages-browser)/./node_modules/next/dist/compiled/react-dom/cjs/react-dom.development.js:16290:20)
    at mountLazyComponent (webpack-internal:///(app-pages-browser)/./node_modules/next/dist/compiled/react-dom/cjs/react-dom.development.js:16765:17)
    at beginWork$1 (webpack-internal:///(app-pages-browser)/./node_modules/next/dist/compiled/react-dom/cjs/react-dom.development.js:18464:16)
    at beginWork (webpack-internal:///(app-pages-browser)/./node_modules/next/dist/compiled/react-dom/cjs/react-dom.development.js:26927:14)
    at performUnitOfWork (webpack-internal:///(app-pages-browser)/./node_modules/next/dist/compiled/react-dom/cjs/react-dom.development.js:25748:12)
    at workLoopSync (webpack-internal:///(app-pages-browser)/./node_modules/next/dist/compiled/react-dom/cjs/react-dom.development.js:25464:5)
    at renderRootSync (webpack-internal:///(app-pages-browser)/./node_modules/next/dist/compiled/react-dom/cjs/react-dom.development.js:25419:7)
    at recoverFromConcurrentError (webpack-internal:///(app-pages-browser)/./node_modules/next/dist/compiled/react-dom/cjs/react-dom.development.js:24597:20)
    at performConcurrentWorkOnRoot (webpack-internal:///(app-pages-browser)/./node_modules/next/dist/compiled/react-dom/cjs/react-dom.development.js:24542:26)
    at workLoop (webpack-internal:///(app-pages-browser)/./node_modules/next/dist/compiled/scheduler/cjs/scheduler.development.js:256:34)
    at flushWork (webpack-internal:///(app-pages-browser)/./node_modules/next/dist/compiled/scheduler/cjs/scheduler.development.js:225:14)
    at MessagePort.performWorkUntilDeadline (webpack-internal:///(app-pages-browser)/./node_modules/next/dist/compiled/scheduler/cjs/scheduler.development.js:534:21)
[ 1359766ms] Error: useSession can only be used within the <ClerkProvider /> component. Learn more: https://clerk.com/docs/components/clerk-provider
    at useAssertWrappedByClerkProvider (webpack-internal:///(app-pages-browser)/./node_modules/@clerk/shared/dist/react/index.mjs:112:11)
    at useSession (webpack-internal:///(app-pages-browser)/./node_modules/@clerk/shared/dist/react/index.mjs:592:3)
    at useEnforceCatchAllRoute (webpack-internal:///(app-pages-browser)/./node_modules/@clerk/nextjs/dist/esm/client-boundary/hooks/useEnforceCatchAllRoute.js:17:83)
    at useEnforceCorrectRoutingProps (webpack-internal:///(app-pages-browser)/./node_modules/@clerk/nextjs/dist/esm/client-boundary/hooks/useEnforceRoutingProps.js:14:84)
    at SignUp (webpack-internal:///(app-pages-browser)/./node_modules/@clerk/nextjs/dist/esm/client-boundary/uiComponents.js:87:104)
    at renderWithHooks (webpack-internal:///(app-pages-browser)/./node_modules/next/dist/compiled/react-dom/cjs/react-dom.development.js:11121:18)
    at updateFunctionComponent (webpack-internal:///(app-pages-browser)/./node_modules/next/dist/compiled/react-dom/cjs/react-dom.development.js:16290:20)
    at mountLazyComponent (webpack-internal:///(app-pages-browser)/./node_modules/next/dist/compiled/react-dom/cjs/react-dom.development.js:16765:17)
    at beginWork$1 (webpack-internal:///(app-pages-browser)/./node_modules/next/dist/compiled/react-dom/cjs/react-dom.development.js:18464:16)
    at beginWork (webpack-internal:///(app-pages-browser)/./node_modules/next/dist/compiled/react-dom/cjs/react-dom.development.js:26927:14)
    at performUnitOfWork (webpack-internal:///(app-pages-browser)/./node_modules/next/dist/compiled/react-dom/cjs/react-dom.development.js:25748:12)
    at workLoopSync (webpack-internal:///(app-pages-browser)/./node_modules/next/dist/compiled/react-dom/cjs/react-dom.development.js:25464:5)
    at renderRootSync (webpack-internal:///(app-pages-browser)/./node_modules/next/dist/compiled/react-dom/cjs/react-dom.development.js:25419:7)
    at recoverFromConcurrentError (webpack-internal:///(app-pages-browser)/./node_modules/next/dist/compiled/react-dom/cjs/react-dom.development.js:24597:20)
    at performConcurrentWorkOnRoot (webpack-internal:///(app-pages-browser)/./node_modules/next/dist/compiled/react-dom/cjs/react-dom.development.js:24542:26)
    at workLoop (webpack-internal:///(app-pages-browser)/./node_modules/next/dist/compiled/scheduler/cjs/scheduler.development.js:256:34)
    at flushWork (webpack-internal:///(app-pages-browser)/./node_modules/next/dist/compiled/scheduler/cjs/scheduler.development.js:225:14)
    at MessagePort.performWorkUntilDeadline (webpack-internal:///(app-pages-browser)/./node_modules/next/dist/compiled/scheduler/cjs/scheduler.development.js:534:21)
[ 1359766ms] Error: useSession can only be used within the <ClerkProvider /> component. Learn more: https://clerk.com/docs/components/clerk-provider
    at useAssertWrappedByClerkProvider (webpack-internal:///(app-pages-browser)/./node_modules/@clerk/shared/dist/react/index.mjs:112:11)
    at useSession (webpack-internal:///(app-pages-browser)/./node_modules/@clerk/shared/dist/react/index.mjs:592:3)
    at useEnforceCatchAllRoute (webpack-internal:///(app-pages-browser)/./node_modules/@clerk/nextjs/dist/esm/client-boundary/hooks/useEnforceCatchAllRoute.js:17:83)
    at useEnforceCorrectRoutingProps (webpack-internal:///(app-pages-browser)/./node_modules/@clerk/nextjs/dist/esm/client-boundary/hooks/useEnforceRoutingProps.js:14:84)
    at SignUp (webpack-internal:///(app-pages-browser)/./node_modules/@clerk/nextjs/dist/esm/client-boundary/uiComponents.js:87:104)
    at renderWithHooks (webpack-internal:///(app-pages-browser)/./node_modules/next/dist/compiled/react-dom/cjs/react-dom.development.js:11121:18)
    at updateFunctionComponent (webpack-internal:///(app-pages-browser)/./node_modules/next/dist/compiled/react-dom/cjs/react-dom.development.js:16290:20)
    at mountLazyComponent (webpack-internal:///(app-pages-browser)/./node_modules/next/dist/compiled/react-dom/cjs/react-dom.development.js:16765:17)
    at beginWork$1 (webpack-internal:///(app-pages-browser)/./node_modules/next/dist/compiled/react-dom/cjs/react-dom.development.js:18464:16)
    at beginWork (webpack-internal:///(app-pages-browser)/./node_modules/next/dist/compiled/react-dom/cjs/react-dom.development.js:26927:14)
    at performUnitOfWork (webpack-internal:///(app-pages-browser)/./node_modules/next/dist/compiled/react-dom/cjs/react-dom.development.js:25748:12)
    at workLoopSync (webpack-internal:///(app-pages-browser)/./node_modules/next/dist/compiled/react-dom/cjs/react-dom.development.js:25464:5)
    at renderRootSync (webpack-internal:///(app-pages-browser)/./node_modules/next/dist/compiled/react-dom/cjs/react-dom.development.js:25419:7)
    at recoverFromConcurrentError (webpack-internal:///(app-pages-browser)/./node_modules/next/dist/compiled/react-dom/cjs/react-dom.development.js:24597:20)
    at performConcurrentWorkOnRoot (webpack-internal:///(app-pages-browser)/./node_modules/next/dist/compiled/react-dom/cjs/react-dom.development.js:24542:26)
    at workLoop (webpack-internal:///(app-pages-browser)/./node_modules/next/dist/compiled/scheduler/cjs/scheduler.development.js:256:34)
    at flushWork (webpack-internal:///(app-pages-browser)/./node_modules/next/dist/compiled/scheduler/cjs/scheduler.development.js:225:14)
    at MessagePort.performWorkUntilDeadline (webpack-internal:///(app-pages-browser)/./node_modules/next/dist/compiled/scheduler/cjs/scheduler.development.js:534:21)
[ 1359766ms] Error: useSession can only be used within the <ClerkProvider /> component. Learn more: https://clerk.com/docs/components/clerk-provider
    at useAssertWrappedByClerkProvider (webpack-internal:///(app-pages-browser)/./node_modules/@clerk/shared/dist/react/index.mjs:112:11)
    at useSession (webpack-internal:///(app-pages-browser)/./node_modules/@clerk/shared/dist/react/index.mjs:592:3)
    at useEnforceCatchAllRoute (webpack-internal:///(app-pages-browser)/./node_modules/@clerk/nextjs/dist/esm/client-boundary/hooks/useEnforceCatchAllRoute.js:17:83)
    at useEnforceCorrectRoutingProps (webpack-internal:///(app-pages-browser)/./node_modules/@clerk/nextjs/dist/esm/client-boundary/hooks/useEnforceRoutingProps.js:14:84)
    at SignUp (webpack-internal:///(app-pages-browser)/./node_modules/@clerk/nextjs/dist/esm/client-boundary/uiComponents.js:87:104)
    at renderWithHooks (webpack-internal:///(app-pages-browser)/./node_modules/next/dist/compiled/react-dom/cjs/react-dom.development.js:11121:18)
    at updateFunctionComponent (webpack-internal:///(app-pages-browser)/./node_modules/next/dist/compiled/react-dom/cjs/react-dom.development.js:16290:20)
    at mountLazyComponent (webpack-internal:///(app-pages-browser)/./node_modules/next/dist/compiled/react-dom/cjs/react-dom.development.js:16765:17)
    at beginWork$1 (webpack-internal:///(app-pages-browser)/./node_modules/next/dist/compiled/react-dom/cjs/react-dom.development.js:18464:16)
    at beginWork (webpack-internal:///(app-pages-browser)/./node_modules/next/dist/compiled/react-dom/cjs/react-dom.development.js:26927:14)
    at performUnitOfWork (webpack-internal:///(app-pages-browser)/./node_modules/next/dist/compiled/react-dom/cjs/react-dom.development.js:25748:12)
    at workLoopSync (webpack-internal:///(app-pages-browser)/./node_modules/next/dist/compiled/react-dom/cjs/react-dom.development.js:25464:5)
    at renderRootSync (webpack-internal:///(app-pages-browser)/./node_modules/next/dist/compiled/react-dom/cjs/react-dom.development.js:25419:7)
    at recoverFromConcurrentError (webpack-internal:///(app-pages-browser)/./node_modules/next/dist/compiled/react-dom/cjs/react-dom.development.js:24597:20)
    at performConcurrentWorkOnRoot (webpack-internal:///(app-pages-browser)/./node_modules/next/dist/compiled/react-dom/cjs/react-dom.development.js:24542:26)
    at workLoop (webpack-internal:///(app-pages-browser)/./node_modules/next/dist/compiled/scheduler/cjs/scheduler.development.js:256:34)
    at flushWork (webpack-internal:///(app-pages-browser)/./node_modules/next/dist/compiled/scheduler/cjs/scheduler.development.js:225:14)
    at MessagePort.performWorkUntilDeadline (webpack-internal:///(app-pages-browser)/./node_modules/next/dist/compiled/scheduler/cjs/scheduler.development.js:534:21)
[ 1359767ms] Error: useSession can only be used within the <ClerkProvider /> component. Learn more: https://clerk.com/docs/components/clerk-provider
    at useAssertWrappedByClerkProvider (webpack-internal:///(app-pages-browser)/./node_modules/@clerk/shared/dist/react/index.mjs:112:11)
    at useSession (webpack-internal:///(app-pages-browser)/./node_modules/@clerk/shared/dist/react/index.mjs:592:3)
    at useEnforceCatchAllRoute (webpack-internal:///(app-pages-browser)/./node_modules/@clerk/nextjs/dist/esm/client-boundary/hooks/useEnforceCatchAllRoute.js:17:83)
    at useEnforceCorrectRoutingProps (webpack-internal:///(app-pages-browser)/./node_modules/@clerk/nextjs/dist/esm/client-boundary/hooks/useEnforceRoutingProps.js:14:84)
    at SignUp (webpack-internal:///(app-pages-browser)/./node_modules/@clerk/nextjs/dist/esm/client-boundary/uiComponents.js:87:104)
    at renderWithHooks (webpack-internal:///(app-pages-browser)/./node_modules/next/dist/compiled/react-dom/cjs/react-dom.development.js:11121:18)
    at updateFunctionComponent (webpack-internal:///(app-pages-browser)/./node_modules/next/dist/compiled/react-dom/cjs/react-dom.development.js:16290:20)
    at mountLazyComponent (webpack-internal:///(app-pages-browser)/./node_modules/next/dist/compiled/react-dom/cjs/react-dom.development.js:16765:17)
    at beginWork$1 (webpack-internal:///(app-pages-browser)/./node_modules/next/dist/compiled/react-dom/cjs/react-dom.development.js:18464:16)
    at beginWork (webpack-internal:///(app-pages-browser)/./node_modules/next/dist/compiled/react-dom/cjs/react-dom.development.js:26927:14)
    at performUnitOfWork (webpack-internal:///(app-pages-browser)/./node_modules/next/dist/compiled/react-dom/cjs/react-dom.development.js:25748:12)
    at workLoopSync (webpack-internal:///(app-pages-browser)/./node_modules/next/dist/compiled/react-dom/cjs/react-dom.development.js:25464:5)
    at renderRootSync (webpack-internal:///(app-pages-browser)/./node_modules/next/dist/compiled/react-dom/cjs/react-dom.development.js:25419:7)
    at recoverFromConcurrentError (webpack-internal:///(app-pages-browser)/./node_modules/next/dist/compiled/react-dom/cjs/react-dom.development.js:24597:20)
    at performConcurrentWorkOnRoot (webpack-internal:///(app-pages-browser)/./node_modules/next/dist/compiled/react-dom/cjs/react-dom.development.js:24542:26)
    at workLoop (webpack-internal:///(app-pages-browser)/./node_modules/next/dist/compiled/scheduler/cjs/scheduler.development.js:256:34)
    at flushWork (webpack-internal:///(app-pages-browser)/./node_modules/next/dist/compiled/scheduler/cjs/scheduler.development.js:225:14)
    at MessagePort.performWorkUntilDeadline (webpack-internal:///(app-pages-browser)/./node_modules/next/dist/compiled/scheduler/cjs/scheduler.development.js:534:21)
[ 1359770ms] [ERROR] The above error occurred in the <NotFoundErrorBoundary> component:

    at SignUp (webpack-internal:///(app-pages-browser)/./node_modules/@clerk/nextjs/dist/esm/client-boundary/uiComponents.js:87:104)
    at div
    at SignUpPage (Server)
    at InnerLayoutRouter (webpack-internal:///(app-pages-browser)/./node_modules/next/dist/client/components/layout-router.js:243:11)
    at RedirectErrorBoundary (webpack-internal:///(app-pages-browser)/./node_modules/next/dist/client/components/redirect-boundary.js:74:9)
    at RedirectBoundary (webpack-internal:///(app-pages-browser)/./node_modules/next/dist/client/components/redirect-boundary.js:82:11)
    at NotFoundBoundary (webpack-internal:///(app-pages-browser)/./node_modules/next/dist/client/components/not-found-boundary.js:84:11)
    at LoadingBoundary (webpack-internal:///(app-pages-browser)/./node_modules/next/dist/client/components/layout-router.js:349:11)
    at ErrorBoundary (webpack-internal:///(app-pages-browser)/./node_modules/next/dist/client/components/error-boundary.js:160:11)
    at InnerScrollAndFocusHandler (webpack-internal:///(app-pages-browser)/./node_modules/next/dist/client/components/layout-router.js:153:9)
    at ScrollAndFocusHandler (webpack-internal:///(app-pages-browser)/./node_modules/next/dist/client/components/layout-router.js:228:11)
    at RenderFromTemplateContext (webpack-internal:///(app-pages-browser)/./node_modules/next/dist/client/components/render-from-template-context.js:16:44)
    at OuterLayoutRouter (webpack-internal:///(app-pages-browser)/./node_modules/next/dist/client/components/layout-router.js:370:11)
    at InnerLayoutRouter (webpack-internal:///(app-pages-browser)/./node_modules/next/dist/client/components/layout-router.js:243:11)
    at RedirectErrorBoundary (webpack-internal:///(app-pages-browser)/./node_modules/next/dist/client/components/redirect-boundary.js:74:9)
    at RedirectBoundary (webpack-internal:///(app-pages-browser)/./node_modules/next/dist/client/components/redirect-boundary.js:82:11)
    at NotFoundBoundary (webpack-internal:///(app-pages-browser)/./node_modules/next/dist/client/components/not-found-boundary.js:84:11)
    at LoadingBoundary (webpack-internal:///(app-pages-browser)/./node_modules/next/dist/client/components/layout-router.js:349:11)
    at ErrorBoundary (webpack-internal:///(app-pages-browser)/./node_modules/next/dist/client/components/error-boundary.js:160:11)
    at InnerScrollAndFocusHandler (webpack-internal:///(app-pages-browser)/./node_modules/next/dist/client/components/layout-router.js:153:9)
    at ScrollAndFocusHandler (webpack-internal:///(app-pages-browser)/./node_modules/next/dist/client/components/layout-router.js:228:11)
    at RenderFromTemplateContext (webpack-internal:///(app-pages-browser)/./node_modules/next/dist/client/components/render-from-template-context.js:16:44)
    at OuterLayoutRouter (webpack-internal:///(app-pages-browser)/./node_modules/next/dist/client/components/layout-router.js:370:11)
    at InnerLayoutRouter (webpack-internal:///(app-pages-browser)/./node_modules/next/dist/client/components/layout-router.js:243:11)
    at RedirectErrorBoundary (webpack-internal:///(app-pages-browser)/./node_modules/next/dist/client/components/redirect-boundary.js:74:9)
    at RedirectBoundary (webpack-internal:///(app-pages-browser)/./node_modules/next/dist/client/components/redirect-boundary.js:82:11)
    at NotFoundErrorBoundary (webpack-internal:///(app-pages-browser)/./node_modules/next/dist/client/components/not-found-boundary.js:76:9)
    at NotFoundBoundary (webpack-internal:///(app-pages-browser)/./node_modules/next/dist/client/components/not-found-boundary.js:84:11)
    at LoadingBoundary (webpack-internal:///(app-pages-browser)/./node_modules/next/dist/client/components/layout-router.js:349:11)
    at ErrorBoundary (webpack-internal:///(app-pages-browser)/./node_modules/next/dist/client/components/error-boundary.js:160:11)
    at InnerScrollAndFocusHandler (webpack-internal:///(app-pages-browser)/./node_modules/next/dist/client/components/layout-router.js:153:9)
    at ScrollAndFocusHandler (webpack-internal:///(app-pages-browser)/./node_modules/next/dist/client/components/layout-router.js:228:11)
    at RenderFromTemplateContext (webpack-internal:///(app-pages-browser)/./node_modules/next/dist/client/components/render-from-template-context.js:16:44)
    at OuterLayoutRouter (webpack-internal:///(app-pages-browser)/./node_modules/next/dist/client/components/layout-router.js:370:11)
    at body
    at html
    at RootLayout (Server)
    at RedirectErrorBoundary (webpack-internal:///(app-pages-browser)/./node_modules/next/dist/client/components/redirect-boundary.js:74:9)
    at RedirectBoundary (webpack-internal:///(app-pages-browser)/./node_modules/next/dist/client/components/redirect-boundary.js:82:11)
    at NotFoundErrorBoundary (webpack-internal:///(app-pages-browser)/./node_modules/next/dist/client/components/not-found-boundary.js:76:9)
    at NotFoundBoundary (webpack-internal:///(app-pages-browser)/./node_modules/next/dist/client/components/not-found-boundary.js:84:11)
    at DevRootNotFoundBoundary (webpack-internal:///(app-pages-browser)/./node_modules/next/dist/client/components/dev-root-not-found-boundary.js:33:11)
    at ReactDevOverlay (webpack-internal:///(app-pages-browser)/./node_modules/next/dist/client/components/react-dev-overlay/app/ReactDevOverlay.js:87:9)
    at HotReload (webpack-internal:///(app-pages-browser)/./node_modules/next/dist/client/components/react-dev-overlay/app/hot-reloader-client.js:321:11)
    at Router (webpack-internal:///(app-pages-browser)/./node_modules/next/dist/client/components/app-router.js:207:11)
    at ErrorBoundaryHandler (webpack-internal:///(app-pages-browser)/./node_modules/next/dist/client/components/error-boundary.js:113:9)
    at ErrorBoundary (webpack-internal:///(app-pages-browser)/./node_modules/next/dist/client/components/error-boundary.js:160:11)
    at AppRouter (webpack-internal:///(app-pages-browser)/./node_modules/next/dist/client/components/app-router.js:585:13)
    at ServerRoot (webpack-internal:///(app-pages-browser)/./node_modules/next/dist/client/app-index.js:112:27)
    at Root (webpack-internal:///(app-pages-browser)/./node_modules/next/dist/client/app-index.js:117:11)
    at ReactDevOverlay (webpack-internal:///(app-pages-browser)/./node_modules/next/dist/client/components/react-dev-overlay/app/ReactDevOverlay.js:87:9)

React will try to recreate this component tree from scratch using the error boundary you provided, ReactDevOverlay. @ webpack-internal:///(app-pages-browser)/./node_modules/next/dist/client/app-index.js:32
[ 1361633ms] [INFO] %cDownload the React DevTools for a better development experience: https://reactjs.org/link/react-devtools font-weight:bold @ webpack-internal:///(app-pages-browser)/./node_modules/next/dist/compiled/react-dom/cjs/react-dom.development.js:38559
[ 1374244ms] [INFO] %cDownload the React DevTools for a better development experience: https://reactjs.org/link/react-devtools font-weight:bold @ webpack-internal:///(app-pages-browser)/./node_modules/next/dist/compiled/react-dom/cjs/react-dom.development.js:38559
[ 1374307ms] [ERROR] Failed to load resource: the server responded with a status of 404 (Not Found) @ http://localhost:3009/favicon.ico:0
[ 1383302ms] [LOG] [Fast Refresh] rebuilding @ webpack-internal:///(app-pages-browser)/./node_modules/next/dist/client/components/react-dev-overlay/app/hot-reloader-client.js:186
[ 1383933ms] [LOG] [Fast Refresh] done in 632ms @ webpack-internal:///(app-pages-browser)/./node_modules/next/dist/client/components/react-dev-overlay/app/hot-reloader-client.js:43
[ 1384522ms] [ERROR] Failed to load resource: the server responded with a status of 500 (Internal Server Error) @ http://localhost:3009/sign-up:0
[ 1384834ms] [INFO] %cDownload the React DevTools for a better development experience: https://reactjs.org/link/react-devtools font-weight:bold @ webpack-internal:///(app-pages-browser)/./node_modules/next/dist/compiled/react-dom/cjs/react-dom.development.js:38559
[ 1384947ms] Error: useSession can only be used within the <ClerkProvider /> component. Learn more: https://clerk.com/docs/components/clerk-provider
    at useAssertWrappedByClerkProvider (webpack-internal:///(app-pages-browser)/./node_modules/@clerk/shared/dist/react/index.mjs:112:11)
    at useSession (webpack-internal:///(app-pages-browser)/./node_modules/@clerk/shared/dist/react/index.mjs:592:3)
    at useEnforceCatchAllRoute (webpack-internal:///(app-pages-browser)/./node_modules/@clerk/nextjs/dist/esm/client-boundary/hooks/useEnforceCatchAllRoute.js:17:83)
    at useEnforceCorrectRoutingProps (webpack-internal:///(app-pages-browser)/./node_modules/@clerk/nextjs/dist/esm/client-boundary/hooks/useEnforceRoutingProps.js:14:84)
    at SignUp (webpack-internal:///(app-pages-browser)/./node_modules/@clerk/nextjs/dist/esm/client-boundary/uiComponents.js:87:104)
    at renderWithHooks (webpack-internal:///(app-pages-browser)/./node_modules/next/dist/compiled/react-dom/cjs/react-dom.development.js:11121:18)
    at updateFunctionComponent (webpack-internal:///(app-pages-browser)/./node_modules/next/dist/compiled/react-dom/cjs/react-dom.development.js:16290:20)
    at mountLazyComponent (webpack-internal:///(app-pages-browser)/./node_modules/next/dist/compiled/react-dom/cjs/react-dom.development.js:16765:17)
    at beginWork$1 (webpack-internal:///(app-pages-browser)/./node_modules/next/dist/compiled/react-dom/cjs/react-dom.development.js:18464:16)
    at HTMLUnknownElement.callCallback (webpack-internal:///(app-pages-browser)/./node_modules/next/dist/compiled/react-dom/cjs/react-dom.development.js:20565:14)
    at Object.invokeGuardedCallbackImpl (webpack-internal:///(app-pages-browser)/./node_modules/next/dist/compiled/react-dom/cjs/react-dom.development.js:20614:16)
    at invokeGuardedCallback (webpack-internal:///(app-pages-browser)/./node_modules/next/dist/compiled/react-dom/cjs/react-dom.development.js:20689:29)
    at beginWork (webpack-internal:///(app-pages-browser)/./node_modules/next/dist/compiled/react-dom/cjs/react-dom.development.js:26949:7)
    at performUnitOfWork (webpack-internal:///(app-pages-browser)/./node_modules/next/dist/compiled/react-dom/cjs/react-dom.development.js:25748:12)
    at workLoopSync (webpack-internal:///(app-pages-browser)/./node_modules/next/dist/compiled/react-dom/cjs/react-dom.development.js:25464:5)
    at renderRootSync (webpack-internal:///(app-pages-browser)/./node_modules/next/dist/compiled/react-dom/cjs/react-dom.development.js:25419:7)
    at performConcurrentWorkOnRoot (webpack-internal:///(app-pages-browser)/./node_modules/next/dist/compiled/react-dom/cjs/react-dom.development.js:24504:74)
    at workLoop (webpack-internal:///(app-pages-browser)/./node_modules/next/dist/compiled/scheduler/cjs/scheduler.development.js:256:34)
    at flushWork (webpack-internal:///(app-pages-browser)/./node_modules/next/dist/compiled/scheduler/cjs/scheduler.development.js:225:14)
    at MessagePort.performWorkUntilDeadline (webpack-internal:///(app-pages-browser)/./node_modules/next/dist/compiled/scheduler/cjs/scheduler.development.js:534:21)
[ 1384950ms] Error: useSession can only be used within the <ClerkProvider /> component. Learn more: https://clerk.com/docs/components/clerk-provider
    at useAssertWrappedByClerkProvider (webpack-internal:///(app-pages-browser)/./node_modules/@clerk/shared/dist/react/index.mjs:112:11)
    at useSession (webpack-internal:///(app-pages-browser)/./node_modules/@clerk/shared/dist/react/index.mjs:592:3)
    at useEnforceCatchAllRoute (webpack-internal:///(app-pages-browser)/./node_modules/@clerk/nextjs/dist/esm/client-boundary/hooks/useEnforceCatchAllRoute.js:17:83)
    at useEnforceCorrectRoutingProps (webpack-internal:///(app-pages-browser)/./node_modules/@clerk/nextjs/dist/esm/client-boundary/hooks/useEnforceRoutingProps.js:14:84)
    at SignUp (webpack-internal:///(app-pages-browser)/./node_modules/@clerk/nextjs/dist/esm/client-boundary/uiComponents.js:87:104)
    at renderWithHooks (webpack-internal:///(app-pages-browser)/./node_modules/next/dist/compiled/react-dom/cjs/react-dom.development.js:11121:18)
    at updateFunctionComponent (webpack-internal:///(app-pages-browser)/./node_modules/next/dist/compiled/react-dom/cjs/react-dom.development.js:16290:20)
    at mountLazyComponent (webpack-internal:///(app-pages-browser)/./node_modules/next/dist/compiled/react-dom/cjs/react-dom.development.js:16765:17)
    at beginWork$1 (webpack-internal:///(app-pages-browser)/./node_modules/next/dist/compiled/react-dom/cjs/react-dom.development.js:18464:16)
    at beginWork (webpack-internal:///(app-pages-browser)/./node_modules/next/dist/compiled/react-dom/cjs/react-dom.development.js:26927:14)
    at performUnitOfWork (webpack-internal:///(app-pages-browser)/./node_modules/next/dist/compiled/react-dom/cjs/react-dom.development.js:25748:12)
    at workLoopSync (webpack-internal:///(app-pages-browser)/./node_modules/next/dist/compiled/react-dom/cjs/react-dom.development.js:25464:5)
    at renderRootSync (webpack-internal:///(app-pages-browser)/./node_modules/next/dist/compiled/react-dom/cjs/react-dom.development.js:25419:7)
    at performConcurrentWorkOnRoot (webpack-internal:///(app-pages-browser)/./node_modules/next/dist/compiled/react-dom/cjs/react-dom.development.js:24504:74)
    at workLoop (webpack-internal:///(app-pages-browser)/./node_modules/next/dist/compiled/scheduler/cjs/scheduler.development.js:256:34)
    at flushWork (webpack-internal:///(app-pages-browser)/./node_modules/next/dist/compiled/scheduler/cjs/scheduler.development.js:225:14)
    at MessagePort.performWorkUntilDeadline (webpack-internal:///(app-pages-browser)/./node_modules/next/dist/compiled/scheduler/cjs/scheduler.development.js:534:21)
[ 1384950ms] Error: useSession can only be used within the <ClerkProvider /> component. Learn more: https://clerk.com/docs/components/clerk-provider
    at useAssertWrappedByClerkProvider (webpack-internal:///(app-pages-browser)/./node_modules/@clerk/shared/dist/react/index.mjs:112:11)
    at useSession (webpack-internal:///(app-pages-browser)/./node_modules/@clerk/shared/dist/react/index.mjs:592:3)
    at useEnforceCatchAllRoute (webpack-internal:///(app-pages-browser)/./node_modules/@clerk/nextjs/dist/esm/client-boundary/hooks/useEnforceCatchAllRoute.js:17:83)
    at useEnforceCorrectRoutingProps (webpack-internal:///(app-pages-browser)/./node_modules/@clerk/nextjs/dist/esm/client-boundary/hooks/useEnforceRoutingProps.js:14:84)
    at SignUp (webpack-internal:///(app-pages-browser)/./node_modules/@clerk/nextjs/dist/esm/client-boundary/uiComponents.js:87:104)
    at renderWithHooks (webpack-internal:///(app-pages-browser)/./node_modules/next/dist/compiled/react-dom/cjs/react-dom.development.js:11121:18)
    at updateFunctionComponent (webpack-internal:///(app-pages-browser)/./node_modules/next/dist/compiled/react-dom/cjs/react-dom.development.js:16290:20)
    at mountLazyComponent (webpack-internal:///(app-pages-browser)/./node_modules/next/dist/compiled/react-dom/cjs/react-dom.development.js:16765:17)
    at beginWork$1 (webpack-internal:///(app-pages-browser)/./node_modules/next/dist/compiled/react-dom/cjs/react-dom.development.js:18464:16)
    at beginWork (webpack-internal:///(app-pages-browser)/./node_modules/next/dist/compiled/react-dom/cjs/react-dom.development.js:26927:14)
    at performUnitOfWork (webpack-internal:///(app-pages-browser)/./node_modules/next/dist/compiled/react-dom/cjs/react-dom.development.js:25748:12)
    at workLoopSync (webpack-internal:///(app-pages-browser)/./node_modules/next/dist/compiled/react-dom/cjs/react-dom.development.js:25464:5)
    at renderRootSync (webpack-internal:///(app-pages-browser)/./node_modules/next/dist/compiled/react-dom/cjs/react-dom.development.js:25419:7)
    at performConcurrentWorkOnRoot (webpack-internal:///(app-pages-browser)/./node_modules/next/dist/compiled/react-dom/cjs/react-dom.development.js:24504:74)
    at workLoop (webpack-internal:///(app-pages-browser)/./node_modules/next/dist/compiled/scheduler/cjs/scheduler.development.js:256:34)
    at flushWork (webpack-internal:///(app-pages-browser)/./node_modules/next/dist/compiled/scheduler/cjs/scheduler.development.js:225:14)
    at MessagePort.performWorkUntilDeadline (webpack-internal:///(app-pages-browser)/./node_modules/next/dist/compiled/scheduler/cjs/scheduler.development.js:534:21)
[ 1384960ms] Error: useSession can only be used within the <ClerkProvider /> component. Learn more: https://clerk.com/docs/components/clerk-provider
    at useAssertWrappedByClerkProvider (webpack-internal:///(app-pages-browser)/./node_modules/@clerk/shared/dist/react/index.mjs:112:11)
    at useSession (webpack-internal:///(app-pages-browser)/./node_modules/@clerk/shared/dist/react/index.mjs:592:3)
    at useEnforceCatchAllRoute (webpack-internal:///(app-pages-browser)/./node_modules/@clerk/nextjs/dist/esm/client-boundary/hooks/useEnforceCatchAllRoute.js:17:83)
    at useEnforceCorrectRoutingProps (webpack-internal:///(app-pages-browser)/./node_modules/@clerk/nextjs/dist/esm/client-boundary/hooks/useEnforceRoutingProps.js:14:84)
    at SignUp (webpack-internal:///(app-pages-browser)/./node_modules/@clerk/nextjs/dist/esm/client-boundary/uiComponents.js:87:104)
    at renderWithHooks (webpack-internal:///(app-pages-browser)/./node_modules/next/dist/compiled/react-dom/cjs/react-dom.development.js:11121:18)
    at updateFunctionComponent (webpack-internal:///(app-pages-browser)/./node_modules/next/dist/compiled/react-dom/cjs/react-dom.development.js:16290:20)
    at mountLazyComponent (webpack-internal:///(app-pages-browser)/./node_modules/next/dist/compiled/react-dom/cjs/react-dom.development.js:16765:17)
    at beginWork$1 (webpack-internal:///(app-pages-browser)/./node_modules/next/dist/compiled/react-dom/cjs/react-dom.development.js:18464:16)
    at beginWork (webpack-internal:///(app-pages-browser)/./node_modules/next/dist/compiled/react-dom/cjs/react-dom.development.js:26927:14)
    at performUnitOfWork (webpack-internal:///(app-pages-browser)/./node_modules/next/dist/compiled/react-dom/cjs/react-dom.development.js:25748:12)
    at workLoopSync (webpack-internal:///(app-pages-browser)/./node_modules/next/dist/compiled/react-dom/cjs/react-dom.development.js:25464:5)
    at renderRootSync (webpack-internal:///(app-pages-browser)/./node_modules/next/dist/compiled/react-dom/cjs/react-dom.development.js:25419:7)
    at performConcurrentWorkOnRoot (webpack-internal:///(app-pages-browser)/./node_modules/next/dist/compiled/react-dom/cjs/react-dom.development.js:24504:74)
    at workLoop (webpack-internal:///(app-pages-browser)/./node_modules/next/dist/compiled/scheduler/cjs/scheduler.development.js:256:34)
    at flushWork (webpack-internal:///(app-pages-browser)/./node_modules/next/dist/compiled/scheduler/cjs/scheduler.development.js:225:14)
    at MessagePort.performWorkUntilDeadline (webpack-internal:///(app-pages-browser)/./node_modules/next/dist/compiled/scheduler/cjs/scheduler.development.js:534:21)
[ 1384961ms] Error: useSession can only be used within the <ClerkProvider /> component. Learn more: https://clerk.com/docs/components/clerk-provider
    at useAssertWrappedByClerkProvider (webpack-internal:///(app-pages-browser)/./node_modules/@clerk/shared/dist/react/index.mjs:112:11)
    at useSession (webpack-internal:///(app-pages-browser)/./node_modules/@clerk/shared/dist/react/index.mjs:592:3)
    at useEnforceCatchAllRoute (webpack-internal:///(app-pages-browser)/./node_modules/@clerk/nextjs/dist/esm/client-boundary/hooks/useEnforceCatchAllRoute.js:17:83)
    at useEnforceCorrectRoutingProps (webpack-internal:///(app-pages-browser)/./node_modules/@clerk/nextjs/dist/esm/client-boundary/hooks/useEnforceRoutingProps.js:14:84)
    at SignUp (webpack-internal:///(app-pages-browser)/./node_modules/@clerk/nextjs/dist/esm/client-boundary/uiComponents.js:87:104)
    at renderWithHooks (webpack-internal:///(app-pages-browser)/./node_modules/next/dist/compiled/react-dom/cjs/react-dom.development.js:11121:18)
    at updateFunctionComponent (webpack-internal:///(app-pages-browser)/./node_modules/next/dist/compiled/react-dom/cjs/react-dom.development.js:16290:20)
    at mountLazyComponent (webpack-internal:///(app-pages-browser)/./node_modules/next/dist/compiled/react-dom/cjs/react-dom.development.js:16765:17)
    at beginWork$1 (webpack-internal:///(app-pages-browser)/./node_modules/next/dist/compiled/react-dom/cjs/react-dom.development.js:18464:16)
    at beginWork (webpack-internal:///(app-pages-browser)/./node_modules/next/dist/compiled/react-dom/cjs/react-dom.development.js:26927:14)
    at performUnitOfWork (webpack-internal:///(app-pages-browser)/./node_modules/next/dist/compiled/react-dom/cjs/react-dom.development.js:25748:12)
    at workLoopSync (webpack-internal:///(app-pages-browser)/./node_modules/next/dist/compiled/react-dom/cjs/react-dom.development.js:25464:5)
    at renderRootSync (webpack-internal:///(app-pages-browser)/./node_modules/next/dist/compiled/react-dom/cjs/react-dom.development.js:25419:7)
    at performConcurrentWorkOnRoot (webpack-internal:///(app-pages-browser)/./node_modules/next/dist/compiled/react-dom/cjs/react-dom.development.js:24504:74)
    at workLoop (webpack-internal:///(app-pages-browser)/./node_modules/next/dist/compiled/scheduler/cjs/scheduler.development.js:256:34)
    at flushWork (webpack-internal:///(app-pages-browser)/./node_modules/next/dist/compiled/scheduler/cjs/scheduler.development.js:225:14)
    at MessagePort.performWorkUntilDeadline (webpack-internal:///(app-pages-browser)/./node_modules/next/dist/compiled/scheduler/cjs/scheduler.development.js:534:21)
[ 1384962ms] Error: useSession can only be used within the <ClerkProvider /> component. Learn more: https://clerk.com/docs/components/clerk-provider
    at useAssertWrappedByClerkProvider (webpack-internal:///(app-pages-browser)/./node_modules/@clerk/shared/dist/react/index.mjs:112:11)
    at useSession (webpack-internal:///(app-pages-browser)/./node_modules/@clerk/shared/dist/react/index.mjs:592:3)
    at useEnforceCatchAllRoute (webpack-internal:///(app-pages-browser)/./node_modules/@clerk/nextjs/dist/esm/client-boundary/hooks/useEnforceCatchAllRoute.js:17:83)
    at useEnforceCorrectRoutingProps (webpack-internal:///(app-pages-browser)/./node_modules/@clerk/nextjs/dist/esm/client-boundary/hooks/useEnforceRoutingProps.js:14:84)
    at SignUp (webpack-internal:///(app-pages-browser)/./node_modules/@clerk/nextjs/dist/esm/client-boundary/uiComponents.js:87:104)
    at renderWithHooks (webpack-internal:///(app-pages-browser)/./node_modules/next/dist/compiled/react-dom/cjs/react-dom.development.js:11121:18)
    at updateFunctionComponent (webpack-internal:///(app-pages-browser)/./node_modules/next/dist/compiled/react-dom/cjs/react-dom.development.js:16290:20)
    at mountLazyComponent (webpack-internal:///(app-pages-browser)/./node_modules/next/dist/compiled/react-dom/cjs/react-dom.development.js:16765:17)
    at beginWork$1 (webpack-internal:///(app-pages-browser)/./node_modules/next/dist/compiled/react-dom/cjs/react-dom.development.js:18464:16)
    at beginWork (webpack-internal:///(app-pages-browser)/./node_modules/next/dist/compiled/react-dom/cjs/react-dom.development.js:26927:14)
    at performUnitOfWork (webpack-internal:///(app-pages-browser)/./node_modules/next/dist/compiled/react-dom/cjs/react-dom.development.js:25748:12)
    at workLoopSync (webpack-internal:///(app-pages-browser)/./node_modules/next/dist/compiled/react-dom/cjs/react-dom.development.js:25464:5)
    at renderRootSync (webpack-internal:///(app-pages-browser)/./node_modules/next/dist/compiled/react-dom/cjs/react-dom.development.js:25419:7)
    at performConcurrentWorkOnRoot (webpack-internal:///(app-pages-browser)/./node_modules/next/dist/compiled/react-dom/cjs/react-dom.development.js:24504:74)
    at workLoop (webpack-internal:///(app-pages-browser)/./node_modules/next/dist/compiled/scheduler/cjs/scheduler.development.js:256:34)
    at flushWork (webpack-internal:///(app-pages-browser)/./node_modules/next/dist/compiled/scheduler/cjs/scheduler.development.js:225:14)
    at MessagePort.performWorkUntilDeadline (webpack-internal:///(app-pages-browser)/./node_modules/next/dist/compiled/scheduler/cjs/scheduler.development.js:534:21)
[ 1384962ms] Error: useSession can only be used within the <ClerkProvider /> component. Learn more: https://clerk.com/docs/components/clerk-provider
    at useAssertWrappedByClerkProvider (webpack-internal:///(app-pages-browser)/./node_modules/@clerk/shared/dist/react/index.mjs:112:11)
    at useSession (webpack-internal:///(app-pages-browser)/./node_modules/@clerk/shared/dist/react/index.mjs:592:3)
    at useEnforceCatchAllRoute (webpack-internal:///(app-pages-browser)/./node_modules/@clerk/nextjs/dist/esm/client-boundary/hooks/useEnforceCatchAllRoute.js:17:83)
    at useEnforceCorrectRoutingProps (webpack-internal:///(app-pages-browser)/./node_modules/@clerk/nextjs/dist/esm/client-boundary/hooks/useEnforceRoutingProps.js:14:84)
    at SignUp (webpack-internal:///(app-pages-browser)/./node_modules/@clerk/nextjs/dist/esm/client-boundary/uiComponents.js:87:104)
    at renderWithHooks (webpack-internal:///(app-pages-browser)/./node_modules/next/dist/compiled/react-dom/cjs/react-dom.development.js:11121:18)
    at updateFunctionComponent (webpack-internal:///(app-pages-browser)/./node_modules/next/dist/compiled/react-dom/cjs/react-dom.development.js:16290:20)
    at mountLazyComponent (webpack-internal:///(app-pages-browser)/./node_modules/next/dist/compiled/react-dom/cjs/react-dom.development.js:16765:17)
    at beginWork$1 (webpack-internal:///(app-pages-browser)/./node_modules/next/dist/compiled/react-dom/cjs/react-dom.development.js:18464:16)
    at beginWork (webpack-internal:///(app-pages-browser)/./node_modules/next/dist/compiled/react-dom/cjs/react-dom.development.js:26927:14)
    at performUnitOfWork (webpack-internal:///(app-pages-browser)/./node_modules/next/dist/compiled/react-dom/cjs/react-dom.development.js:25748:12)
    at workLoopSync (webpack-internal:///(app-pages-browser)/./node_modules/next/dist/compiled/react-dom/cjs/react-dom.development.js:25464:5)
    at renderRootSync (webpack-internal:///(app-pages-browser)/./node_modules/next/dist/compiled/react-dom/cjs/react-dom.development.js:25419:7)
    at performConcurrentWorkOnRoot (webpack-internal:///(app-pages-browser)/./node_modules/next/dist/compiled/react-dom/cjs/react-dom.development.js:24504:74)
    at workLoop (webpack-internal:///(app-pages-browser)/./node_modules/next/dist/compiled/scheduler/cjs/scheduler.development.js:256:34)
    at flushWork (webpack-internal:///(app-pages-browser)/./node_modules/next/dist/compiled/scheduler/cjs/scheduler.development.js:225:14)
    at MessagePort.performWorkUntilDeadline (webpack-internal:///(app-pages-browser)/./node_modules/next/dist/compiled/scheduler/cjs/scheduler.development.js:534:21)
[ 1384962ms] Error: useSession can only be used within the <ClerkProvider /> component. Learn more: https://clerk.com/docs/components/clerk-provider
    at useAssertWrappedByClerkProvider (webpack-internal:///(app-pages-browser)/./node_modules/@clerk/shared/dist/react/index.mjs:112:11)
    at useSession (webpack-internal:///(app-pages-browser)/./node_modules/@clerk/shared/dist/react/index.mjs:592:3)
    at useEnforceCatchAllRoute (webpack-internal:///(app-pages-browser)/./node_modules/@clerk/nextjs/dist/esm/client-boundary/hooks/useEnforceCatchAllRoute.js:17:83)
    at useEnforceCorrectRoutingProps (webpack-internal:///(app-pages-browser)/./node_modules/@clerk/nextjs/dist/esm/client-boundary/hooks/useEnforceRoutingProps.js:14:84)
    at SignUp (webpack-internal:///(app-pages-browser)/./node_modules/@clerk/nextjs/dist/esm/client-boundary/uiComponents.js:87:104)
    at renderWithHooks (webpack-internal:///(app-pages-browser)/./node_modules/next/dist/compiled/react-dom/cjs/react-dom.development.js:11121:18)
    at updateFunctionComponent (webpack-internal:///(app-pages-browser)/./node_modules/next/dist/compiled/react-dom/cjs/react-dom.development.js:16290:20)
    at mountLazyComponent (webpack-internal:///(app-pages-browser)/./node_modules/next/dist/compiled/react-dom/cjs/react-dom.development.js:16765:17)
    at beginWork$1 (webpack-internal:///(app-pages-browser)/./node_modules/next/dist/compiled/react-dom/cjs/react-dom.development.js:18464:16)
    at HTMLUnknownElement.callCallback (webpack-internal:///(app-pages-browser)/./node_modules/next/dist/compiled/react-dom/cjs/react-dom.development.js:20565:14)
    at Object.invokeGuardedCallbackImpl (webpack-internal:///(app-pages-browser)/./node_modules/next/dist/compiled/react-dom/cjs/react-dom.development.js:20614:16)
    at invokeGuardedCallback (webpack-internal:///(app-pages-browser)/./node_modules/next/dist/compiled/react-dom/cjs/react-dom.development.js:20689:29)
    at beginWork (webpack-internal:///(app-pages-browser)/./node_modules/next/dist/compiled/react-dom/cjs/react-dom.development.js:26949:7)
    at performUnitOfWork (webpack-internal:///(app-pages-browser)/./node_modules/next/dist/compiled/react-dom/cjs/react-dom.development.js:25748:12)
    at workLoopSync (webpack-internal:///(app-pages-browser)/./node_modules/next/dist/compiled/react-dom/cjs/react-dom.development.js:25464:5)
    at renderRootSync (webpack-internal:///(app-pages-browser)/./node_modules/next/dist/compiled/react-dom/cjs/react-dom.development.js:25419:7)
    at recoverFromConcurrentError (webpack-internal:///(app-pages-browser)/./node_modules/next/dist/compiled/react-dom/cjs/react-dom.development.js:24597:20)
    at performConcurrentWorkOnRoot (webpack-internal:///(app-pages-browser)/./node_modules/next/dist/compiled/react-dom/cjs/react-dom.development.js:24542:26)
    at workLoop (webpack-internal:///(app-pages-browser)/./node_modules/next/dist/compiled/scheduler/cjs/scheduler.development.js:256:34)
    at flushWork (webpack-internal:///(app-pages-browser)/./node_modules/next/dist/compiled/scheduler/cjs/scheduler.development.js:225:14)
    at MessagePort.performWorkUntilDeadline (webpack-internal:///(app-pages-browser)/./node_modules/next/dist/compiled/scheduler/cjs/scheduler.development.js:534:21)
[ 1384963ms] Error: useSession can only be used within the <ClerkProvider /> component. Learn more: https://clerk.com/docs/components/clerk-provider
    at useAssertWrappedByClerkProvider (webpack-internal:///(app-pages-browser)/./node_modules/@clerk/shared/dist/react/index.mjs:112:11)
    at useSession (webpack-internal:///(app-pages-browser)/./node_modules/@clerk/shared/dist/react/index.mjs:592:3)
    at useEnforceCatchAllRoute (webpack-internal:///(app-pages-browser)/./node_modules/@clerk/nextjs/dist/esm/client-boundary/hooks/useEnforceCatchAllRoute.js:17:83)
    at useEnforceCorrectRoutingProps (webpack-internal:///(app-pages-browser)/./node_modules/@clerk/nextjs/dist/esm/client-boundary/hooks/useEnforceRoutingProps.js:14:84)
    at SignUp (webpack-internal:///(app-pages-browser)/./node_modules/@clerk/nextjs/dist/esm/client-boundary/uiComponents.js:87:104)
    at renderWithHooks (webpack-internal:///(app-pages-browser)/./node_modules/next/dist/compiled/react-dom/cjs/react-dom.development.js:11121:18)
    at updateFunctionComponent (webpack-internal:///(app-pages-browser)/./node_modules/next/dist/compiled/react-dom/cjs/react-dom.development.js:16290:20)
    at mountLazyComponent (webpack-internal:///(app-pages-browser)/./node_modules/next/dist/compiled/react-dom/cjs/react-dom.development.js:16765:17)
    at beginWork$1 (webpack-internal:///(app-pages-browser)/./node_modules/next/dist/compiled/react-dom/cjs/react-dom.development.js:18464:16)
    at beginWork (webpack-internal:///(app-pages-browser)/./node_modules/next/dist/compiled/react-dom/cjs/react-dom.development.js:26927:14)
    at performUnitOfWork (webpack-internal:///(app-pages-browser)/./node_modules/next/dist/compiled/react-dom/cjs/react-dom.development.js:25748:12)
    at workLoopSync (webpack-internal:///(app-pages-browser)/./node_modules/next/dist/compiled/react-dom/cjs/react-dom.development.js:25464:5)
    at renderRootSync (webpack-internal:///(app-pages-browser)/./node_modules/next/dist/compiled/react-dom/cjs/react-dom.development.js:25419:7)
    at recoverFromConcurrentError (webpack-internal:///(app-pages-browser)/./node_modules/next/dist/compiled/react-dom/cjs/react-dom.development.js:24597:20)
    at performConcurrentWorkOnRoot (webpack-internal:///(app-pages-browser)/./node_modules/next/dist/compiled/react-dom/cjs/react-dom.development.js:24542:26)
    at workLoop (webpack-internal:///(app-pages-browser)/./node_modules/next/dist/compiled/scheduler/cjs/scheduler.development.js:256:34)
    at flushWork (webpack-internal:///(app-pages-browser)/./node_modules/next/dist/compiled/scheduler/cjs/scheduler.development.js:225:14)
    at MessagePort.performWorkUntilDeadline (webpack-internal:///(app-pages-browser)/./node_modules/next/dist/compiled/scheduler/cjs/scheduler.development.js:534:21)
[ 1384963ms] Error: useSession can only be used within the <ClerkProvider /> component. Learn more: https://clerk.com/docs/components/clerk-provider
    at useAssertWrappedByClerkProvider (webpack-internal:///(app-pages-browser)/./node_modules/@clerk/shared/dist/react/index.mjs:112:11)
    at useSession (webpack-internal:///(app-pages-browser)/./node_modules/@clerk/shared/dist/react/index.mjs:592:3)
    at useEnforceCatchAllRoute (webpack-internal:///(app-pages-browser)/./node_modules/@clerk/nextjs/dist/esm/client-boundary/hooks/useEnforceCatchAllRoute.js:17:83)
    at useEnforceCorrectRoutingProps (webpack-internal:///(app-pages-browser)/./node_modules/@clerk/nextjs/dist/esm/client-boundary/hooks/useEnforceRoutingProps.js:14:84)
    at SignUp (webpack-internal:///(app-pages-browser)/./node_modules/@clerk/nextjs/dist/esm/client-boundary/uiComponents.js:87:104)
    at renderWithHooks (webpack-internal:///(app-pages-browser)/./node_modules/next/dist/compiled/react-dom/cjs/react-dom.development.js:11121:18)
    at updateFunctionComponent (webpack-internal:///(app-pages-browser)/./node_modules/next/dist/compiled/react-dom/cjs/react-dom.development.js:16290:20)
    at mountLazyComponent (webpack-internal:///(app-pages-browser)/./node_modules/next/dist/compiled/react-dom/cjs/react-dom.development.js:16765:17)
    at beginWork$1 (webpack-internal:///(app-pages-browser)/./node_modules/next/dist/compiled/react-dom/cjs/react-dom.development.js:18464:16)
    at beginWork (webpack-internal:///(app-pages-browser)/./node_modules/next/dist/compiled/react-dom/cjs/react-dom.development.js:26927:14)
    at performUnitOfWork (webpack-internal:///(app-pages-browser)/./node_modules/next/dist/compiled/react-dom/cjs/react-dom.development.js:25748:12)
    at workLoopSync (webpack-internal:///(app-pages-browser)/./node_modules/next/dist/compiled/react-dom/cjs/react-dom.development.js:25464:5)
    at renderRootSync (webpack-internal:///(app-pages-browser)/./node_modules/next/dist/compiled/react-dom/cjs/react-dom.development.js:25419:7)
    at recoverFromConcurrentError (webpack-internal:///(app-pages-browser)/./node_modules/next/dist/compiled/react-dom/cjs/react-dom.development.js:24597:20)
    at performConcurrentWorkOnRoot (webpack-internal:///(app-pages-browser)/./node_modules/next/dist/compiled/react-dom/cjs/react-dom.development.js:24542:26)
    at workLoop (webpack-internal:///(app-pages-browser)/./node_modules/next/dist/compiled/scheduler/cjs/scheduler.development.js:256:34)
    at flushWork (webpack-internal:///(app-pages-browser)/./node_modules/next/dist/compiled/scheduler/cjs/scheduler.development.js:225:14)
    at MessagePort.performWorkUntilDeadline (webpack-internal:///(app-pages-browser)/./node_modules/next/dist/compiled/scheduler/cjs/scheduler.development.js:534:21)
[ 1384964ms] Error: useSession can only be used within the <ClerkProvider /> component. Learn more: https://clerk.com/docs/components/clerk-provider
    at useAssertWrappedByClerkProvider (webpack-internal:///(app-pages-browser)/./node_modules/@clerk/shared/dist/react/index.mjs:112:11)
    at useSession (webpack-internal:///(app-pages-browser)/./node_modules/@clerk/shared/dist/react/index.mjs:592:3)
    at useEnforceCatchAllRoute (webpack-internal:///(app-pages-browser)/./node_modules/@clerk/nextjs/dist/esm/client-boundary/hooks/useEnforceCatchAllRoute.js:17:83)
    at useEnforceCorrectRoutingProps (webpack-internal:///(app-pages-browser)/./node_modules/@clerk/nextjs/dist/esm/client-boundary/hooks/useEnforceRoutingProps.js:14:84)
    at SignUp (webpack-internal:///(app-pages-browser)/./node_modules/@clerk/nextjs/dist/esm/client-boundary/uiComponents.js:87:104)
    at renderWithHooks (webpack-internal:///(app-pages-browser)/./node_modules/next/dist/compiled/react-dom/cjs/react-dom.development.js:11121:18)
    at updateFunctionComponent (webpack-internal:///(app-pages-browser)/./node_modules/next/dist/compiled/react-dom/cjs/react-dom.development.js:16290:20)
    at mountLazyComponent (webpack-internal:///(app-pages-browser)/./node_modules/next/dist/compiled/react-dom/cjs/react-dom.development.js:16765:17)
    at beginWork$1 (webpack-internal:///(app-pages-browser)/./node_modules/next/dist/compiled/react-dom/cjs/react-dom.development.js:18464:16)
    at beginWork (webpack-internal:///(app-pages-browser)/./node_modules/next/dist/compiled/react-dom/cjs/react-dom.development.js:26927:14)
    at performUnitOfWork (webpack-internal:///(app-pages-browser)/./node_modules/next/dist/compiled/react-dom/cjs/react-dom.development.js:25748:12)
    at workLoopSync (webpack-internal:///(app-pages-browser)/./node_modules/next/dist/compiled/react-dom/cjs/react-dom.development.js:25464:5)
    at renderRootSync (webpack-internal:///(app-pages-browser)/./node_modules/next/dist/compiled/react-dom/cjs/react-dom.development.js:25419:7)
    at recoverFromConcurrentError (webpack-internal:///(app-pages-browser)/./node_modules/next/dist/compiled/react-dom/cjs/react-dom.development.js:24597:20)
    at performConcurrentWorkOnRoot (webpack-internal:///(app-pages-browser)/./node_modules/next/dist/compiled/react-dom/cjs/react-dom.development.js:24542:26)
    at workLoop (webpack-internal:///(app-pages-browser)/./node_modules/next/dist/compiled/scheduler/cjs/scheduler.development.js:256:34)
    at flushWork (webpack-internal:///(app-pages-browser)/./node_modules/next/dist/compiled/scheduler/cjs/scheduler.development.js:225:14)
    at MessagePort.performWorkUntilDeadline (webpack-internal:///(app-pages-browser)/./node_modules/next/dist/compiled/scheduler/cjs/scheduler.development.js:534:21)
[ 1384964ms] Error: useSession can only be used within the <ClerkProvider /> component. Learn more: https://clerk.com/docs/components/clerk-provider
    at useAssertWrappedByClerkProvider (webpack-internal:///(app-pages-browser)/./node_modules/@clerk/shared/dist/react/index.mjs:112:11)
    at useSession (webpack-internal:///(app-pages-browser)/./node_modules/@clerk/shared/dist/react/index.mjs:592:3)
    at useEnforceCatchAllRoute (webpack-internal:///(app-pages-browser)/./node_modules/@clerk/nextjs/dist/esm/client-boundary/hooks/useEnforceCatchAllRoute.js:17:83)
    at useEnforceCorrectRoutingProps (webpack-internal:///(app-pages-browser)/./node_modules/@clerk/nextjs/dist/esm/client-boundary/hooks/useEnforceRoutingProps.js:14:84)
    at SignUp (webpack-internal:///(app-pages-browser)/./node_modules/@clerk/nextjs/dist/esm/client-boundary/uiComponents.js:87:104)
    at renderWithHooks (webpack-internal:///(app-pages-browser)/./node_modules/next/dist/compiled/react-dom/cjs/react-dom.development.js:11121:18)
    at updateFunctionComponent (webpack-internal:///(app-pages-browser)/./node_modules/next/dist/compiled/react-dom/cjs/react-dom.development.js:16290:20)
    at mountLazyComponent (webpack-internal:///(app-pages-browser)/./node_modules/next/dist/compiled/react-dom/cjs/react-dom.development.js:16765:17)
    at beginWork$1 (webpack-internal:///(app-pages-browser)/./node_modules/next/dist/compiled/react-dom/cjs/react-dom.development.js:18464:16)
    at beginWork (webpack-internal:///(app-pages-browser)/./node_modules/next/dist/compiled/react-dom/cjs/react-dom.development.js:26927:14)
    at performUnitOfWork (webpack-internal:///(app-pages-browser)/./node_modules/next/dist/compiled/react-dom/cjs/react-dom.development.js:25748:12)
    at workLoopSync (webpack-internal:///(app-pages-browser)/./node_modules/next/dist/compiled/react-dom/cjs/react-dom.development.js:25464:5)
    at renderRootSync (webpack-internal:///(app-pages-browser)/./node_modules/next/dist/compiled/react-dom/cjs/react-dom.development.js:25419:7)
    at recoverFromConcurrentError (webpack-internal:///(app-pages-browser)/./node_modules/next/dist/compiled/react-dom/cjs/react-dom.development.js:24597:20)
    at performConcurrentWorkOnRoot (webpack-internal:///(app-pages-browser)/./node_modules/next/dist/compiled/react-dom/cjs/react-dom.development.js:24542:26)
    at workLoop (webpack-internal:///(app-pages-browser)/./node_modules/next/dist/compiled/scheduler/cjs/scheduler.development.js:256:34)
    at flushWork (webpack-internal:///(app-pages-browser)/./node_modules/next/dist/compiled/scheduler/cjs/scheduler.development.js:225:14)
    at MessagePort.performWorkUntilDeadline (webpack-internal:///(app-pages-browser)/./node_modules/next/dist/compiled/scheduler/cjs/scheduler.development.js:534:21)
[ 1384965ms] Error: useSession can only be used within the <ClerkProvider /> component. Learn more: https://clerk.com/docs/components/clerk-provider
    at useAssertWrappedByClerkProvider (webpack-internal:///(app-pages-browser)/./node_modules/@clerk/shared/dist/react/index.mjs:112:11)
    at useSession (webpack-internal:///(app-pages-browser)/./node_modules/@clerk/shared/dist/react/index.mjs:592:3)
    at useEnforceCatchAllRoute (webpack-internal:///(app-pages-browser)/./node_modules/@clerk/nextjs/dist/esm/client-boundary/hooks/useEnforceCatchAllRoute.js:17:83)
    at useEnforceCorrectRoutingProps (webpack-internal:///(app-pages-browser)/./node_modules/@clerk/nextjs/dist/esm/client-boundary/hooks/useEnforceRoutingProps.js:14:84)
    at SignUp (webpack-internal:///(app-pages-browser)/./node_modules/@clerk/nextjs/dist/esm/client-boundary/uiComponents.js:87:104)
    at renderWithHooks (webpack-internal:///(app-pages-browser)/./node_modules/next/dist/compiled/react-dom/cjs/react-dom.development.js:11121:18)
    at updateFunctionComponent (webpack-internal:///(app-pages-browser)/./node_modules/next/dist/compiled/react-dom/cjs/react-dom.development.js:16290:20)
    at mountLazyComponent (webpack-internal:///(app-pages-browser)/./node_modules/next/dist/compiled/react-dom/cjs/react-dom.development.js:16765:17)
    at beginWork$1 (webpack-internal:///(app-pages-browser)/./node_modules/next/dist/compiled/react-dom/cjs/react-dom.development.js:18464:16)
    at beginWork (webpack-internal:///(app-pages-browser)/./node_modules/next/dist/compiled/react-dom/cjs/react-dom.development.js:26927:14)
    at performUnitOfWork (webpack-internal:///(app-pages-browser)/./node_modules/next/dist/compiled/react-dom/cjs/react-dom.development.js:25748:12)
    at workLoopSync (webpack-internal:///(app-pages-browser)/./node_modules/next/dist/compiled/react-dom/cjs/react-dom.development.js:25464:5)
    at renderRootSync (webpack-internal:///(app-pages-browser)/./node_modules/next/dist/compiled/react-dom/cjs/react-dom.development.js:25419:7)
    at recoverFromConcurrentError (webpack-internal:///(app-pages-browser)/./node_modules/next/dist/compiled/react-dom/cjs/react-dom.development.js:24597:20)
    at performConcurrentWorkOnRoot (webpack-internal:///(app-pages-browser)/./node_modules/next/dist/compiled/react-dom/cjs/react-dom.development.js:24542:26)
    at workLoop (webpack-internal:///(app-pages-browser)/./node_modules/next/dist/compiled/scheduler/cjs/scheduler.development.js:256:34)
    at flushWork (webpack-internal:///(app-pages-browser)/./node_modules/next/dist/compiled/scheduler/cjs/scheduler.development.js:225:14)
    at MessagePort.performWorkUntilDeadline (webpack-internal:///(app-pages-browser)/./node_modules/next/dist/compiled/scheduler/cjs/scheduler.development.js:534:21)
[ 1384965ms] Error: useSession can only be used within the <ClerkProvider /> component. Learn more: https://clerk.com/docs/components/clerk-provider
    at useAssertWrappedByClerkProvider (webpack-internal:///(app-pages-browser)/./node_modules/@clerk/shared/dist/react/index.mjs:112:11)
    at useSession (webpack-internal:///(app-pages-browser)/./node_modules/@clerk/shared/dist/react/index.mjs:592:3)
    at useEnforceCatchAllRoute (webpack-internal:///(app-pages-browser)/./node_modules/@clerk/nextjs/dist/esm/client-boundary/hooks/useEnforceCatchAllRoute.js:17:83)
    at useEnforceCorrectRoutingProps (webpack-internal:///(app-pages-browser)/./node_modules/@clerk/nextjs/dist/esm/client-boundary/hooks/useEnforceRoutingProps.js:14:84)
    at SignUp (webpack-internal:///(app-pages-browser)/./node_modules/@clerk/nextjs/dist/esm/client-boundary/uiComponents.js:87:104)
    at renderWithHooks (webpack-internal:///(app-pages-browser)/./node_modules/next/dist/compiled/react-dom/cjs/react-dom.development.js:11121:18)
    at updateFunctionComponent (webpack-internal:///(app-pages-browser)/./node_modules/next/dist/compiled/react-dom/cjs/react-dom.development.js:16290:20)
    at mountLazyComponent (webpack-internal:///(app-pages-browser)/./node_modules/next/dist/compiled/react-dom/cjs/react-dom.development.js:16765:17)
    at beginWork$1 (webpack-internal:///(app-pages-browser)/./node_modules/next/dist/compiled/react-dom/cjs/react-dom.development.js:18464:16)
    at beginWork (webpack-internal:///(app-pages-browser)/./node_modules/next/dist/compiled/react-dom/cjs/react-dom.development.js:26927:14)
    at performUnitOfWork (webpack-internal:///(app-pages-browser)/./node_modules/next/dist/compiled/react-dom/cjs/react-dom.development.js:25748:12)
    at workLoopSync (webpack-internal:///(app-pages-browser)/./node_modules/next/dist/compiled/react-dom/cjs/react-dom.development.js:25464:5)
    at renderRootSync (webpack-internal:///(app-pages-browser)/./node_modules/next/dist/compiled/react-dom/cjs/react-dom.development.js:25419:7)
    at recoverFromConcurrentError (webpack-internal:///(app-pages-browser)/./node_modules/next/dist/compiled/react-dom/cjs/react-dom.development.js:24597:20)
    at performConcurrentWorkOnRoot (webpack-internal:///(app-pages-browser)/./node_modules/next/dist/compiled/react-dom/cjs/react-dom.development.js:24542:26)
    at workLoop (webpack-internal:///(app-pages-browser)/./node_modules/next/dist/compiled/scheduler/cjs/scheduler.development.js:256:34)
    at flushWork (webpack-internal:///(app-pages-browser)/./node_modules/next/dist/compiled/scheduler/cjs/scheduler.development.js:225:14)
    at MessagePort.performWorkUntilDeadline (webpack-internal:///(app-pages-browser)/./node_modules/next/dist/compiled/scheduler/cjs/scheduler.development.js:534:21)
[ 1384961ms] [ERROR] The above error occurred in the <NotFoundErrorBoundary> component:

    at SignUp (webpack-internal:///(app-pages-browser)/./node_modules/@clerk/nextjs/dist/esm/client-boundary/uiComponents.js:87:104)
    at div
    at SignUpPage (Server)
    at InnerLayoutRouter (webpack-internal:///(app-pages-browser)/./node_modules/next/dist/client/components/layout-router.js:243:11)
    at RedirectErrorBoundary (webpack-internal:///(app-pages-browser)/./node_modules/next/dist/client/components/redirect-boundary.js:74:9)
    at RedirectBoundary (webpack-internal:///(app-pages-browser)/./node_modules/next/dist/client/components/redirect-boundary.js:82:11)
    at NotFoundBoundary (webpack-internal:///(app-pages-browser)/./node_modules/next/dist/client/components/not-found-boundary.js:84:11)
    at LoadingBoundary (webpack-internal:///(app-pages-browser)/./node_modules/next/dist/client/components/layout-router.js:349:11)
    at ErrorBoundary (webpack-internal:///(app-pages-browser)/./node_modules/next/dist/client/components/error-boundary.js:160:11)
    at InnerScrollAndFocusHandler (webpack-internal:///(app-pages-browser)/./node_modules/next/dist/client/components/layout-router.js:153:9)
    at ScrollAndFocusHandler (webpack-internal:///(app-pages-browser)/./node_modules/next/dist/client/components/layout-router.js:228:11)
    at RenderFromTemplateContext (webpack-internal:///(app-pages-browser)/./node_modules/next/dist/client/components/render-from-template-context.js:16:44)
    at OuterLayoutRouter (webpack-internal:///(app-pages-browser)/./node_modules/next/dist/client/components/layout-router.js:370:11)
    at InnerLayoutRouter (webpack-internal:///(app-pages-browser)/./node_modules/next/dist/client/components/layout-router.js:243:11)
    at RedirectErrorBoundary (webpack-internal:///(app-pages-browser)/./node_modules/next/dist/client/components/redirect-boundary.js:74:9)
    at RedirectBoundary (webpack-internal:///(app-pages-browser)/./node_modules/next/dist/client/components/redirect-boundary.js:82:11)
    at NotFoundBoundary (webpack-internal:///(app-pages-browser)/./node_modules/next/dist/client/components/not-found-boundary.js:84:11)
    at LoadingBoundary (webpack-internal:///(app-pages-browser)/./node_modules/next/dist/client/components/layout-router.js:349:11)
    at ErrorBoundary (webpack-internal:///(app-pages-browser)/./node_modules/next/dist/client/components/error-boundary.js:160:11)
    at InnerScrollAndFocusHandler (webpack-internal:///(app-pages-browser)/./node_modules/next/dist/client/components/layout-router.js:153:9)
    at ScrollAndFocusHandler (webpack-internal:///(app-pages-browser)/./node_modules/next/dist/client/components/layout-router.js:228:11)
    at RenderFromTemplateContext (webpack-internal:///(app-pages-browser)/./node_modules/next/dist/client/components/render-from-template-context.js:16:44)
    at OuterLayoutRouter (webpack-internal:///(app-pages-browser)/./node_modules/next/dist/client/components/layout-router.js:370:11)
    at InnerLayoutRouter (webpack-internal:///(app-pages-browser)/./node_modules/next/dist/client/components/layout-router.js:243:11)
    at RedirectErrorBoundary (webpack-internal:///(app-pages-browser)/./node_modules/next/dist/client/components/redirect-boundary.js:74:9)
    at RedirectBoundary (webpack-internal:///(app-pages-browser)/./node_modules/next/dist/client/components/redirect-boundary.js:82:11)
    at NotFoundErrorBoundary (webpack-internal:///(app-pages-browser)/./node_modules/next/dist/client/components/not-found-boundary.js:76:9)
    at NotFoundBoundary (webpack-internal:///(app-pages-browser)/./node_modules/next/dist/client/components/not-found-boundary.js:84:11)
    at LoadingBoundary (webpack-internal:///(app-pages-browser)/./node_modules/next/dist/client/components/layout-router.js:349:11)
    at ErrorBoundary (webpack-internal:///(app-pages-browser)/./node_modules/next/dist/client/components/error-boundary.js:160:11)
    at InnerScrollAndFocusHandler (webpack-internal:///(app-pages-browser)/./node_modules/next/dist/client/components/layout-router.js:153:9)
    at ScrollAndFocusHandler (webpack-internal:///(app-pages-browser)/./node_modules/next/dist/client/components/layout-router.js:228:11)
    at RenderFromTemplateContext (webpack-internal:///(app-pages-browser)/./node_modules/next/dist/client/components/render-from-template-context.js:16:44)
    at OuterLayoutRouter (webpack-internal:///(app-pages-browser)/./node_modules/next/dist/client/components/layout-router.js:370:11)
    at body
    at html
    at RootLayout (Server)
    at RedirectErrorBoundary (webpack-internal:///(app-pages-browser)/./node_modules/next/dist/client/components/redirect-boundary.js:74:9)
    at RedirectBoundary (webpack-internal:///(app-pages-browser)/./node_modules/next/dist/client/components/redirect-boundary.js:82:11)
    at NotFoundErrorBoundary (webpack-internal:///(app-pages-browser)/./node_modules/next/dist/client/components/not-found-boundary.js:76:9)
    at NotFoundBoundary (webpack-internal:///(app-pages-browser)/./node_modules/next/dist/client/components/not-found-boundary.js:84:11)
    at DevRootNotFoundBoundary (webpack-internal:///(app-pages-browser)/./node_modules/next/dist/client/components/dev-root-not-found-boundary.js:33:11)
    at ReactDevOverlay (webpack-internal:///(app-pages-browser)/./node_modules/next/dist/client/components/react-dev-overlay/app/ReactDevOverlay.js:87:9)
    at HotReload (webpack-internal:///(app-pages-browser)/./node_modules/next/dist/client/components/react-dev-overlay/app/hot-reloader-client.js:321:11)
    at Router (webpack-internal:///(app-pages-browser)/./node_modules/next/dist/client/components/app-router.js:207:11)
    at ErrorBoundaryHandler (webpack-internal:///(app-pages-browser)/./node_modules/next/dist/client/components/error-boundary.js:113:9)
    at ErrorBoundary (webpack-internal:///(app-pages-browser)/./node_modules/next/dist/client/components/error-boundary.js:160:11)
    at AppRouter (webpack-internal:///(app-pages-browser)/./node_modules/next/dist/client/components/app-router.js:585:13)
    at ServerRoot (webpack-internal:///(app-pages-browser)/./node_modules/next/dist/client/app-index.js:112:27)
    at Root (webpack-internal:///(app-pages-browser)/./node_modules/next/dist/client/app-index.js:117:11)
    at ReactDevOverlay (webpack-internal:///(app-pages-browser)/./node_modules/next/dist/client/components/react-dev-overlay/app/ReactDevOverlay.js:87:9)

React will try to recreate this component tree from scratch using the error boundary you provided, ReactDevOverlay. @ webpack-internal:///(app-pages-browser)/./node_modules/next/dist/client/app-index.js:32
[ 1387485ms] [INFO] %cDownload the React DevTools for a better development experience: https://reactjs.org/link/react-devtools font-weight:bold @ webpack-internal:///(app-pages-browser)/./node_modules/next/dist/compiled/react-dom/cjs/react-dom.development.js:38559
